Market,Order Quantity,Order Price,Filled Price,Trigger Price,Filled Quantity,feeInfo,Direction,Order Type,Order Status,Order ID,Order Time(UTC+0),Time In Force,Create Time,Max Slippage,Max Slippage Type,Limit Tpsl Strategy,Bbo Side Type,Bbo Level
SOLUSDT,0.1,84.94,80.9,,0.1,"{""USDT"":""0.0044495""}",Long,Market,Filled, cd4a29b2,12:00 2026-06-01,IOC,12:00 2026-06-01,,,Price,,
BTCUSDT,0.001,0,0,71084.0,0.0,,Long,Market,Deactivated, aaf1a91e,11:57 2026-06-01,IOC,11:57 2026-06-01,,,Price,,
BTCUSDT,0.001,0,0,73189.6,0.0,,Long,Market,Deactivated, c24d9196,11:57 2026-06-01,IOC,11:57 2026-06-01,,,Price,,
BTCUSDT,0.001,71886.8,72608.7,,0.001,"{""USDT"":""0.03993479""}",Short,Market,Filled, bf8fdce8,11:57 2026-06-01,IOC,11:57 2026-06-01,,,Price,,
ETHUSDT,0.01,1942.95,1982.61,,0.01,"{""USDT"":""0.01090436""}",Short,Market,Filled, 07ea7d52,11:50 2026-06-01,IOC,11:50 2026-06-01,,,Price,,
SOLUSDT,0.1,0,0,81.6,0.0,,Long,Market,Deactivated, b4f91e8a,11:49 2026-06-01,IOC,11:49 2026-06-01,,,Price,,
SOLUSDT,0.1,0,0,79.26,0.0,,Long,Market,Deactivated, dba5bcdb,11:49 2026-06-01,IOC,11:49 2026-06-01,,,Price,,
SOLUSDT,0.1,76.9,80.95,,0.1,"{""USDT"":""0.00445225""}",Short,Market,Filled, 83377f1d,11:49 2026-06-01,IOC,11:49 2026-06-01,,,Price,,
ETHUSDT,0.01,0,0,1969.71,0.0,,Short,Market,Deactivated, a08009a4,11:47 2026-06-01,IOC,11:47 2026-06-01,,,Price,,
ETHUSDT,0.01,0,0,2027.29,0.0,,Short,Market,Deactivated, 1f2ae827,11:47 2026-06-01,IOC,11:47 2026-06-01,,,Price,,
ETHUSDT,0.01,2025.42,1985.6,,0.01,"{""USDT"":""0.0109208""}",Long,Market,Filled, 66d8d81d,11:47 2026-06-01,IOC,11:47 2026-06-01,,,Price,,
BTCUSDT,0.001,73362.4,72636.2,,0.001,"{""USDT"":""0.03994991""}",Long,Market,Filled, a75210ca,11:40 2026-06-01,IOC,11:40 2026-06-01,,,Price,,
BTCUSDT,0.001,0,0,71129.4,0.0,,Long,Market,Deactivated, c1baa277,11:21 2026-06-01,IOC,11:21 2026-06-01,,,Price,,
BTCUSDT,0.001,0,0,73236.4,0.0,,Long,Market,Deactivated, bf28035e,11:21 2026-06-01,IOC,11:21 2026-06-01,,,Price,,
BTCUSDT,0.001,71931.2,72657.6,,0.001,"{""USDT"":""0.03996168""}",Short,Market,Filled, 67fdd628,11:21 2026-06-01,IOC,11:21 2026-06-01,,,Price,,
ETHUSDT,0.01,2023.93,1984.01,,0.01,"{""USDT"":""0.01091206""}",Long,Market,Filled, 938cc0fa,11:18 2026-06-01,IOC,11:18 2026-06-01,,,Price,,
BTCUSDT,0.001,73390.5,72663.9,,0.001,"{""USDT"":""0.03996515""}",Long,Market,Filled, acb8af79,11:17 2026-06-01,IOC,11:17 2026-06-01,,,Price,,
ETHUSDT,0.01,0,0,1940.89,0.0,,Long,Market,Deactivated, e3886b61,11:15 2026-06-01,IOC,11:15 2026-06-01,,,Price,,
ETHUSDT,0.01,0,0,1998.39,0.0,,Long,Market,Deactivated, 3460efe1,11:15 2026-06-01,IOC,11:15 2026-06-01,,,Price,,
ETHUSDT,0.01,1942.88,1982.62,,0.01,"{""USDT"":""0.01090441""}",Short,Market,Filled, 721fc9d3,11:15 2026-06-01,IOC,11:15 2026-06-01,,,Price,,
SOLUSDT,0.1,85.09,81.05,,0.1,"{""USDT"":""0.00445775""}",Long,Market,Filled, 952e917b,11:15 2026-06-01,IOC,11:15 2026-06-01,,,Price,,
SOLUSDT,0.1,0,0,79.34,0.0,,Long,Market,Deactivated, f7bd06c7,11:11 2026-06-01,IOC,11:11 2026-06-01,,,Price,,
SOLUSDT,0.1,0,0,81.69,0.0,,Long,Market,Deactivated, b2ac3978,11:11 2026-06-01,IOC,11:11 2026-06-01,,,Price,,
SOLUSDT,0.1,77,81.04,,0.1,"{""USDT"":""0.0044572""}",Short,Market,Filled, a19a66df,11:11 2026-06-01,IOC,11:11 2026-06-01,,,Price,,
ETHUSDT,0.01,2024.12,1984.56,,0.01,"{""USDT"":""0.01091508""}",Long,Market,Filled, 86a2a590,11:10 2026-06-01,IOC,11:10 2026-06-01,,,Price,,
SOLUSDT,0.1,85.16,81.11,,0.1,"{""USDT"":""0.00446105""}",Long,Market,Filled, 8d447050,11:09 2026-06-01,IOC,11:09 2026-06-01,,,Price,,
BTCUSDT,0.001,0,0,73229.2,0.0,,Long,Market,Deactivated, 8ffef1a5,11:06 2026-06-01,IOC,11:06 2026-06-01,,,Price,,
BTCUSDT,0.001,0,0,71122.4,0.0,,Long,Market,Deactivated, 0116205f,11:06 2026-06-01,IOC,11:06 2026-06-01,,,Price,,
BTCUSDT,0.001,71922.8,72649.7,,0.001,"{""USDT"":""0.03995734""}",Short,Market,Filled, dc777a79,11:06 2026-06-01,IOC,11:06 2026-06-01,,,Price,,
SOLUSDT,0.1,0,0,81.64,0.0,,Long,Market,Deactivated, c2418cfa,11:05 2026-06-01,IOC,11:05 2026-06-01,,,Price,,
SOLUSDT,0.1,0,0,79.29,0.0,,Long,Market,Deactivated, 104392a6,11:05 2026-06-01,IOC,11:05 2026-06-01,,,Price,,
SOLUSDT,0.1,76.93,80.99,,0.1,"{""USDT"":""0.00445445""}",Short,Market,Filled, c06d054e,11:05 2026-06-01,IOC,11:05 2026-06-01,,,Price,,
ETHUSDT,0.01,0,0,1999.37,0.0,,Long,Market,Deactivated, 4ca00e06,10:55 2026-06-01,IOC,10:55 2026-06-01,,,Price,,
ETHUSDT,0.01,0,0,1941.85,0.0,,Long,Market,Deactivated, ab8963c1,10:55 2026-06-01,IOC,10:55 2026-06-01,,,Price,,
ETHUSDT,0.01,1943.72,1983.31,,0.01,"{""USDT"":""0.01090821""}",Short,Market,Filled, c8656c53,10:55 2026-06-01,IOC,10:55 2026-06-01,,,Price,,
BTCUSDT,0.001,73401.1,72674.5,,0.001,"{""USDT"":""0.03997098""}",Long,Market,Filled, 960ef24f,10:45 2026-06-01,IOC,10:45 2026-06-01,,,Price,,
ETHUSDT,0.01,2021.66,1982.2,,0.01,"{""USDT"":""0.0109021""}",Long,Market,Filled, 5333310b,10:39 2026-06-01,IOC,10:39 2026-06-01,,,Price,,
BTCUSDT,0.001,0,0,73195.0,0.0,,Long,Market,Deactivated, 04bc2435,10:33 2026-06-01,IOC,10:33 2026-06-01,,,Price,,
BTCUSDT,0.001,0,0,71089.2,0.0,,Long,Market,Deactivated, 3d191db3,10:33 2026-06-01,IOC,10:33 2026-06-01,,,Price,,
BTCUSDT,0.001,71891.8,72617.2,,0.001,"{""USDT"":""0.03993946""}",Short,Market,Filled, e430b6c5,10:33 2026-06-01,IOC,10:33 2026-06-01,,,Price,,
ETHUSDT,0.01,0,0,1998.02,0.0,,Long,Market,Deactivated, 6ac6cdd2,10:32 2026-06-01,IOC,10:32 2026-06-01,,,Price,,
ETHUSDT,0.01,0,0,1940.54,0.0,,Long,Market,Deactivated, 61ef1f26,10:32 2026-06-01,IOC,10:32 2026-06-01,,,Price,,
ETHUSDT,0.01,1942.57,1982.27,,0.01,"{""USDT"":""0.01090249""}",Short,Market,Filled, 7d392e7f,10:32 2026-06-01,IOC,10:32 2026-06-01,,,Price,,
BTCUSDT,0.001,73441.8,72720,,0.001,"{""USDT"":""0.039996""}",Long,Market,Filled, d019e115,10:30 2026-06-01,IOC,10:30 2026-06-01,,,Price,,
ETHUSDT,0.01,2023.97,1984.3,,0.01,"{""USDT"":""0.01091365""}",Long,Market,Filled, 82786604,10:30 2026-06-01,IOC,10:30 2026-06-01,,,Price,,
BTCUSDT,0.001,0,0,71173.3,0.0,,Long,Market,Deactivated, 08f798c0,10:17 2026-06-01,IOC,10:17 2026-06-01,,,Price,,
BTCUSDT,0.001,0,0,73281.6,0.0,,Long,Market,Deactivated, 7695268e,10:17 2026-06-01,IOC,10:17 2026-06-01,,,Price,,
BTCUSDT,0.001,71970.2,72699.9,,0.001,"{""USDT"":""0.03998495""}",Short,Market,Filled, f8f6f174,10:17 2026-06-01,IOC,10:17 2026-06-01,,,Price,,
ETHUSDT,0.01,0,0,1999.01,0.0,,Long,Market,Deactivated, b03f3587,10:17 2026-06-01,IOC,10:17 2026-06-01,,,Price,,
ETHUSDT,0.01,0,0,1941.5,0.0,,Long,Market,Deactivated, d2d30c96,10:17 2026-06-01,IOC,10:17 2026-06-01,,,Price,,
ETHUSDT,0.01,1943.38,1983.14,,0.01,"{""USDT"":""0.01090727""}",Short,Market,Filled, 75dca2ac,10:17 2026-06-01,IOC,10:17 2026-06-01,,,Price,,
BTCUSDT,0.001,73496.1,72770,,0.001,"{""USDT"":""0.0400235""}",Long,Market,Filled, cdbda2e1,10:16 2026-06-01,IOC,10:16 2026-06-01,,,Price,,
BTCUSDT,0.001,0,0,73466.1,0.0,,Long,Market,Deactivated, a5d71b6d,09:52 2026-06-01,IOC,09:52 2026-06-01,,,Price,,
BTCUSDT,0.001,0,0,71352.5,0.0,,Long,Market,Deactivated, 850a8743,09:52 2026-06-01,IOC,09:52 2026-06-01,,,Price,,
BTCUSDT,0.001,72150.7,72880.3,,0.001,"{""USDT"":""0.04008417""}",Short,Market,Filled, f8780388,09:52 2026-06-01,IOC,09:52 2026-06-01,,,Price,,
BTCUSDT,0.001,73687.3,72952.3,,0.001,"{""USDT"":""0.04012377""}",Long,Market,Filled, 0d807003,09:45 2026-06-01,IOC,09:45 2026-06-01,,,Price,,
BTCUSDT,0.001,0,0,71369.1,0.0,,Long,Market,Deactivated, 565839ad,09:42 2026-06-01,IOC,09:42 2026-06-01,,,Price,,
BTCUSDT,0.001,0,0,73483.2,0.0,,Long,Market,Deactivated, 74e4a3ef,09:42 2026-06-01,IOC,09:42 2026-06-01,,,Price,,
BTCUSDT,0.001,72169.4,72900,,0.001,"{""USDT"":""0.040095""}",Short,Market,Filled, 0f941f00,09:42 2026-06-01,IOC,09:42 2026-06-01,,,Price,,
ETHUSDT,0.01,1946.18,1985.8,,0.01,"{""USDT"":""0.0109219""}",Short,Market,Filled, cb1e8b6a,09:30 2026-06-01,IOC,09:30 2026-06-01,,,Price,,
ETHUSDT,0.01,0,0,1966.41,0.0,,Short,Market,Deactivated, 1a9e058e,08:56 2026-06-01,IOC,08:56 2026-06-01,,,Price,,
ETHUSDT,0.01,0,0,2023.89,0.0,,Short,Market,Deactivated, 6045f484,08:56 2026-06-01,IOC,08:56 2026-06-01,,,Price,,
ETHUSDT,0.01,2021.91,1982.27,,0.01,"{""USDT"":""0.01090249""}",Long,Market,Filled, 5086499c,08:56 2026-06-01,IOC,08:56 2026-06-01,,,Price,,
SOLUSDT,0.1,84.85,80.82,,0.1,"{""USDT"":""0.0044451""}",Long,Market,Filled, 4a6f3495,08:53 2026-06-01,IOC,08:53 2026-06-01,,,Price,,
SOLUSDT,0.1,0,0,79.08,0.0,,Long,Market,Deactivated, a3aa8dfe,08:49 2026-06-01,IOC,08:49 2026-06-01,,,Price,,
SOLUSDT,0.1,0,0,81.42,0.0,,Long,Market,Deactivated, 956267e2,08:49 2026-06-01,IOC,08:49 2026-06-01,,,Price,,
SOLUSDT,0.1,76.74,80.77,,0.1,"{""USDT"":""0.00444235""}",Short,Market,Filled, 20034ee5,08:49 2026-06-01,IOC,08:49 2026-06-01,,,Price,,
ETHUSDT,0.01,1940.28,1979.7,,0.01,"{""USDT"":""0.01088835""}",Short,Market,Filled, 489466a1,08:49 2026-06-01,IOC,08:49 2026-06-01,,,Price,,
BTCUSDT,0.001,73530.7,72802.7,,0.001,"{""USDT"":""0.04004149""}",Long,Market,Filled, 3f066521,08:47 2026-06-01,IOC,08:47 2026-06-01,,,Price,,
SOLUSDT,0.1,84.81,80.78,,0.1,"{""USDT"":""0.0044429""}",Long,Market,Filled, 8649471e,08:45 2026-06-01,IOC,08:45 2026-06-01,,,Price,,
BTCUSDT,0.001,0,0,71134.2,0.0,,Long,Market,Deactivated, bb3b1daf,08:42 2026-06-01,IOC,08:42 2026-06-01,,,Price,,
BTCUSDT,0.001,0,0,73241.3,0.0,,Long,Market,Deactivated, ccd422a8,08:42 2026-06-01,IOC,08:42 2026-06-01,,,Price,,
BTCUSDT,0.001,71939.1,72660,,0.001,"{""USDT"":""0.039963""}",Short,Market,Filled, 5ae0c7cd,08:42 2026-06-01,IOC,08:42 2026-06-01,,,Price,,
SOLUSDT,0.1,0,0,78.9,0.0,,Long,Market,Deactivated, a451a2cc,08:42 2026-06-01,IOC,08:42 2026-06-01,,,Price,,
SOLUSDT,0.1,0,0,81.24,0.0,,Long,Market,Deactivated, 8f67a334,08:42 2026-06-01,IOC,08:42 2026-06-01,,,Price,,
SOLUSDT,0.1,76.58,80.59,,0.1,"{""USDT"":""0.00443245""}",Short,Market,Filled, ef28c19a,08:42 2026-06-01,IOC,08:42 2026-06-01,,,Price,,
BTCUSDT,0.001,73540.6,72812.3,,0.001,"{""USDT"":""0.04004677""}",Long,Market,Filled, 3f895122,08:34 2026-06-01,IOC,08:34 2026-06-01,,,Price,,
ETHUSDT,0.01,0,0,1964.0,0.0,,Short,Market,Deactivated, 14f6f876,08:34 2026-06-01,IOC,08:34 2026-06-01,,,Price,,
ETHUSDT,0.01,0,0,2021.41,0.0,,Short,Market,Deactivated, bfd03f7c,08:34 2026-06-01,IOC,08:34 2026-06-01,,,Price,,
ETHUSDT,0.01,2019.38,1979.84,,0.01,"{""USDT"":""0.01088912""}",Long,Market,Filled, 7a5d4494,08:34 2026-06-01,IOC,08:34 2026-06-01,,,Price,,
ETHUSDT,0.01,2018.26,1978.6,,0.01,"{""USDT"":""0.0108823""}",Long,Market,Filled, 3b3236ea,08:33 2026-06-01,IOC,08:33 2026-06-01,,,Price,,
ETHUSDT,0.01,0,0,1933.78,0.0,,Long,Market,Deactivated, 777d871d,08:29 2026-06-01,IOC,08:29 2026-06-01,,,Price,,
ETHUSDT,0.01,0,0,1991.07,0.0,,Long,Market,Deactivated, fb7e0320,08:29 2026-06-01,IOC,08:29 2026-06-01,,,Price,,
ETHUSDT,0.01,1935.89,1975.26,,0.01,"{""USDT"":""0.01086393""}",Short,Market,Filled, 359e23ab,08:29 2026-06-01,IOC,08:29 2026-06-01,,,Price,,
BTCUSDT,0.001,0,0,73325.5,0.0,,Long,Market,Deactivated, d832814b,08:28 2026-06-01,IOC,08:28 2026-06-01,,,Price,,
BTCUSDT,0.001,0,0,71215.9,0.0,,Long,Market,Deactivated, 28814eb2,08:28 2026-06-01,IOC,08:28 2026-06-01,,,Price,,
BTCUSDT,0.001,72013.2,72746.7,,0.001,"{""USDT"":""0.04001069""}",Short,Market,Filled, 993bfcc4,08:28 2026-06-01,IOC,08:28 2026-06-01,,,Price,,
BTCUSDT,0.001,73528.3,72800.3,,0.001,"{""USDT"":""0.04004017""}",Long,Market,Filled, 2ea4b939,08:19 2026-06-01,IOC,08:19 2026-06-01,,,Price,,
ETHUSDT,0.01,2017,1977.46,,0.01,"{""USDT"":""0.01087603""}",Long,Market,Filled, 769befbe,08:19 2026-06-01,IOC,08:19 2026-06-01,,,Price,,
BTCUSDT,0.001,0,0,71267.1,0.0,,Long,Market,Deactivated, ae501e61,08:15 2026-06-01,IOC,08:15 2026-06-01,,,Price,,
BTCUSDT,0.001,0,0,73378.2,0.0,,Long,Market,Deactivated, 41b194cf,08:15 2026-06-01,IOC,08:15 2026-06-01,,,Price,,
BTCUSDT,0.001,72065.1,72795.8,,0.001,"{""USDT"":""0.04003769""}",Short,Market,Filled, e912a3a6,08:15 2026-06-01,IOC,08:15 2026-06-01,,,Price,,
ETHUSDT,0.01,0,0,1935.93,0.0,,Long,Market,Deactivated, ed10e0bf,08:15 2026-06-01,IOC,08:15 2026-06-01,,,Price,,
ETHUSDT,0.01,0,0,1993.27,0.0,,Long,Market,Deactivated, a75ee7e1,08:15 2026-06-01,IOC,08:15 2026-06-01,,,Price,,
ETHUSDT,0.01,1937.84,1977.45,,0.01,"{""USDT"":""0.01087598""}",Short,Market,Filled, 5321dd57,08:15 2026-06-01,IOC,08:15 2026-06-01,,,Price,,
ETHUSDT,0.01,2017.26,1977.72,,0.01,"{""USDT"":""0.01087746""}",Long,Market,Filled, d95b9318,08:11 2026-06-01,IOC,08:11 2026-06-01,,,Price,,
BTCUSDT,0.001,73533.9,72804.4,,0.001,"{""USDT"":""0.04004242""}",Long,Market,Filled, 6cc5afd8,08:11 2026-06-01,IOC,08:11 2026-06-01,,,Price,,
ETHUSDT,0.01,0,0,1992.34,0.0,,Long,Market,Deactivated, ed184fae,08:08 2026-06-01,IOC,08:08 2026-06-01,,,Price,,
ETHUSDT,0.01,0,0,1935.02,0.0,,Long,Market,Deactivated, 7bfb8d2b,08:08 2026-06-01,IOC,08:08 2026-06-01,,,Price,,
ETHUSDT,0.01,1936.75,1976.42,,0.01,"{""USDT"":""0.01087031""}",Short,Market,Filled, f1645c5b,08:08 2026-06-01,IOC,08:08 2026-06-01,,,Price,,
BTCUSDT,0.001,0,0,71237.6,0.0,,Long,Market,Deactivated, 7078138a,08:08 2026-06-01,IOC,08:08 2026-06-01,,,Price,,
BTCUSDT,0.001,0,0,73347.8,0.0,,Long,Market,Deactivated, eccdf6ea,08:08 2026-06-01,IOC,08:08 2026-06-01,,,Price,,
BTCUSDT,0.001,72030.6,72762.4,,0.001,"{""USDT"":""0.04001932""}",Short,Market,Filled, 7573f24f,08:08 2026-06-01,IOC,08:08 2026-06-01,,,Price,,
ETHUSDT,0.01,2015.52,1975.99,,0.01,"{""USDT"":""0.01086795""}",Long,Market,Filled, 1fc584f8,08:00 2026-06-01,IOC,08:00 2026-06-01,,,Price,,
SOLUSDT,0.1,84.73,80.71,,0.1,"{""USDT"":""0.00443905""}",Long,Market,Filled, 22451a9b,08:00 2026-06-01,IOC,08:00 2026-06-01,,,Price,,
BTCUSDT,0.001,73524.8,72786.8,,0.001,"{""USDT"":""0.04003274""}",Long,Market,Filled, 5c27ca1c,08:00 2026-06-01,IOC,08:00 2026-06-01,,,Price,,
ETHUSDT,0.01,0,0,1996.11,0.0,,Long,Market,Deactivated, 1b54f0a1,07:47 2026-06-01,IOC,07:47 2026-06-01,,,Price,,
ETHUSDT,0.01,0,0,1938.68,0.0,,Long,Market,Deactivated, 04d8c75e,07:47 2026-06-01,IOC,07:47 2026-06-01,,,Price,,
ETHUSDT,0.01,1940.56,1980.26,,0.01,"{""USDT"":""0.01089143""}",Short,Market,Filled, dd03d001,07:47 2026-06-01,IOC,07:47 2026-06-01,,,Price,,
SOLUSDT,0.1,0,0,81.57,0.0,,Long,Market,Deactivated, 1b28340a,07:47 2026-06-01,IOC,07:47 2026-06-01,,,Price,,
SOLUSDT,0.1,0,0,79.23,0.0,,Long,Market,Deactivated, 8d207ba2,07:47 2026-06-01,IOC,07:47 2026-06-01,,,Price,,
SOLUSDT,0.1,76.89,80.92,,0.1,"{""USDT"":""0.0044506""}",Short,Market,Filled, 08529afa,07:47 2026-06-01,IOC,07:47 2026-06-01,,,Price,,
ETHUSDT,0.01,2021.76,1982.33,,0.01,"{""USDT"":""0.01090282""}",Long,Market,Filled, bb97fef4,07:45 2026-06-01,IOC,07:45 2026-06-01,,,Price,,
BTCUSDT,0.001,0,0,71378.2,0.0,,Long,Market,Deactivated, 3e6942b2,07:43 2026-06-01,IOC,07:43 2026-06-01,,,Price,,
BTCUSDT,0.001,0,0,73492.5,0.0,,Long,Market,Deactivated, 3cef371b,07:43 2026-06-01,IOC,07:43 2026-06-01,,,Price,,
BTCUSDT,0.001,72180.1,72909.1,,0.001,"{""USDT"":""0.04010001""}",Short,Market,Filled, 9d540e3e,07:43 2026-06-01,IOC,07:43 2026-06-01,,,Price,,
BTCUSDT,0.001,73673.4,72944,,0.001,"{""USDT"":""0.0401192""}",Long,Market,Filled, 52ed7a39,07:40 2026-06-01,IOC,07:40 2026-06-01,,,Price,,
ETHUSDT,0.01,0,0,1943.13,0.0,,Long,Market,Deactivated, 3ed0da4e,07:24 2026-06-01,IOC,07:24 2026-06-01,,,Price,,
ETHUSDT,0.01,0,0,2000.69,0.0,,Long,Market,Deactivated, 02a33a0c,07:24 2026-06-01,IOC,07:24 2026-06-01,,,Price,,
ETHUSDT,0.01,1945.22,1984.98,,0.01,"{""USDT"":""0.01091739""}",Short,Market,Filled, eaa503e5,07:24 2026-06-01,IOC,07:24 2026-06-01,,,Price,,
BTCUSDT,0.001,0,0,73558.1,0.0,,Long,Market,Deactivated, 1c484a6b,07:17 2026-06-01,IOC,07:17 2026-06-01,,,Price,,
BTCUSDT,0.001,0,0,71441.9,0.0,,Long,Market,Deactivated, 53945c5e,07:17 2026-06-01,IOC,07:17 2026-06-01,,,Price,,
BTCUSDT,0.001,72243.4,72974.3,,0.001,"{""USDT"":""0.04013587""}",Short,Market,Filled, f49c762a,07:17 2026-06-01,IOC,07:17 2026-06-01,,,Price,,
ETHUSDT,0.01,1946.95,1986.56,,0.01,"{""USDT"":""0.01092608""}",Short,Market,Filled, a9ce2332,07:16 2026-06-01,IOC,07:16 2026-06-01,,,Price,,
BTCUSDT,0.001,72372.3,73119,,0.001,"{""USDT"":""0.04021545""}",Short,Market,Filled, ec69cb30,07:12 2026-06-01,IOC,07:12 2026-06-01,,,Price,,
BTCUSDT,0.001,0,0,74685.0,0.0,,Short,Market,Deactivated, 16610a76,07:07 2026-06-01,IOC,07:07 2026-06-01,,,Price,,
BTCUSDT,0.001,0,0,72563.7,0.0,,Short,Market,Deactivated, affaffbc,07:07 2026-06-01,IOC,07:07 2026-06-01,,,Price,,
BTCUSDT,0.001,73888.9,73148.9,,0.001,"{""USDT"":""0.0402319""}",Long,Market,Filled, 2f71e8b9,07:07 2026-06-01,IOC,07:07 2026-06-01,,,Price,,
ETHUSDT,0.01,0,0,1973.14,0.0,,Short,Market,Deactivated, 716373e9,07:07 2026-06-01,IOC,07:07 2026-06-01,,,Price,,
ETHUSDT,0.01,0,0,2030.83,0.0,,Short,Market,Deactivated, 6752fd94,07:07 2026-06-01,IOC,07:07 2026-06-01,,,Price,,
ETHUSDT,0.01,2029.17,1989.15,,0.01,"{""USDT"":""0.01094033""}",Long,Market,Filled, d849328b,07:07 2026-06-01,IOC,07:07 2026-06-01,,,Price,,
BTCUSDT,0.001,73831,73100,,0.001,"{""USDT"":""0.040205""}",Long,Market,Filled, 77fccb1f,07:05 2026-06-01,IOC,07:05 2026-06-01,,,Price,,
BTCUSDT,0.001,0,0,71546.3,0.0,,Long,Market,Deactivated, 94a72be4,06:58 2026-06-01,IOC,06:58 2026-06-01,,,Price,,
BTCUSDT,0.001,0,0,73665.6,0.0,,Long,Market,Deactivated, a82a32a3,06:58 2026-06-01,IOC,06:58 2026-06-01,,,Price,,
BTCUSDT,0.001,72349.7,73080.9,,0.001,"{""USDT"":""0.0401945""}",Short,Market,Filled, 818291ba,06:58 2026-06-01,IOC,06:58 2026-06-01,,,Price,,
BTCUSDT,0.001,73807.2,73076.5,,0.001,"{""USDT"":""0.04019208""}",Long,Market,Filled, a73c5bac,06:58 2026-06-01,IOC,06:58 2026-06-01,,,Price,,
ETHUSDT,0.01,2025.82,1986.06,,0.01,"{""USDT"":""0.01092333""}",Long,Market,Filled, 076d0712,06:57 2026-06-01,IOC,06:57 2026-06-01,,,Price,,
BTCUSDT,0.001,0,0,73680.4,0.0,,Long,Market,Deactivated, 7cf21930,06:54 2026-06-01,IOC,06:54 2026-06-01,,,Price,,
BTCUSDT,0.001,0,0,71560.6,0.0,,Long,Market,Deactivated, 024f2979,06:54 2026-06-01,IOC,06:54 2026-06-01,,,Price,,
BTCUSDT,0.001,72367.6,73095.6,,0.001,"{""USDT"":""0.04020258""}",Short,Market,Filled, f2ecb75f,06:54 2026-06-01,IOC,06:54 2026-06-01,,,Price,,
ETHUSDT,0.01,0,0,1944.43,0.0,,Long,Market,Deactivated, 2944eae1,06:54 2026-06-01,IOC,06:54 2026-06-01,,,Price,,
ETHUSDT,0.01,0,0,2002.02,0.0,,Long,Market,Deactivated, 7ad6fc46,06:54 2026-06-01,IOC,06:54 2026-06-01,,,Price,,
ETHUSDT,0.01,1946.48,1986.01,,0.01,"{""USDT"":""0.01092306""}",Short,Market,Filled, 1c3777c6,06:54 2026-06-01,IOC,06:54 2026-06-01,,,Price,,
BTCUSDT,0.001,73867.1,73151.2,,0.001,"{""USDT"":""0.04023316""}",Long,Market,Filled, 6af5f238,06:50 2026-06-01,IOC,06:50 2026-06-01,,,Price,,
ETHUSDT,0.01,2028.86,1988.99,,0.01,"{""USDT"":""0.01093945""}",Long,Market,Filled, c0fdcfe1,06:23 2026-06-01,IOC,06:23 2026-06-01,,,Price,,
BTCUSDT,0.001,0,0,71672.5,0.0,,Long,Market,Deactivated, f43d847b,06:20 2026-06-01,IOC,06:20 2026-06-01,,,Price,,
BTCUSDT,0.001,0,0,73795.6,0.0,,Long,Market,Deactivated, 37bbc0b5,06:20 2026-06-01,IOC,06:20 2026-06-01,,,Price,,
BTCUSDT,0.001,72481,73209.9,,0.001,"{""USDT"":""0.04026545""}",Short,Market,Filled, ee183b35,06:20 2026-06-01,IOC,06:20 2026-06-01,,,Price,,
ETHUSDT,0.01,0,0,1948.21,0.0,,Long,Market,Deactivated, 684c64e0,06:20 2026-06-01,IOC,06:20 2026-06-01,,,Price,,
ETHUSDT,0.01,0,0,2005.92,0.0,,Long,Market,Deactivated, 795b46eb,06:20 2026-06-01,IOC,06:20 2026-06-01,,,Price,,
ETHUSDT,0.01,1950.21,1990,,0.01,"{""USDT"":""0.010945""}",Short,Market,Filled, 117bd248,06:20 2026-06-01,IOC,06:20 2026-06-01,,,Price,,
BTCUSDT,0.001,74020.6,73287,,0.001,"{""USDT"":""0.04030785""}",Long,Market,Filled, 75a0a6d8,06:15 2026-06-01,IOC,06:15 2026-06-01,,,Price,,
BTCUSDT,0.001,0,0,73923.4,0.0,,Long,Market,Deactivated, f434e397,05:57 2026-06-01,IOC,05:57 2026-06-01,,,Price,,
BTCUSDT,0.001,0,0,71796.7,0.0,,Long,Market,Deactivated, 62caa37c,05:57 2026-06-01,IOC,05:57 2026-06-01,,,Price,,
BTCUSDT,0.001,72602.1,73336.7,,0.001,"{""USDT"":""0.04033519""}",Short,Market,Filled, b8e774e4,05:57 2026-06-01,IOC,05:57 2026-06-01,,,Price,,
BTCUSDT,0.001,74126.3,73388.3,,0.001,"{""USDT"":""0.04036357""}",Long,Market,Filled, 0caeaf3a,05:52 2026-06-01,IOC,05:52 2026-06-01,,,Price,,
BTCUSDT,0.001,0,0,73972.3,0.0,,Long,Market,Deactivated, 653cf5f5,05:49 2026-06-01,IOC,05:49 2026-06-01,,,Price,,
BTCUSDT,0.001,0,0,71844.2,0.0,,Long,Market,Deactivated, c158cdd8,05:49 2026-06-01,IOC,05:49 2026-06-01,,,Price,,
BTCUSDT,0.001,72651.5,73385.2,,0.001,"{""USDT"":""0.04036186""}",Short,Market,Filled, 42bb9baf,05:49 2026-06-01,IOC,05:49 2026-06-01,,,Price,,
SOLUSDT,0.1,85.91,81.82,,0.1,"{""USDT"":""0.0045001""}",Long,Market,Filled, ca5c75d0,05:40 2026-06-01,IOC,05:40 2026-06-01,,,Price,,
BTCUSDT,0.001,74100.8,73367.2,,0.001,"{""USDT"":""0.04035196""}",Long,Market,Filled, 39da34ed,05:40 2026-06-01,IOC,05:40 2026-06-01,,,Price,,
ETHUSDT,0.01,2034.23,1994.35,,0.01,"{""USDT"":""0.01096893""}",Long,Market,Filled, 6d85dcc5,05:40 2026-06-01,IOC,05:40 2026-06-01,,,Price,,
SOLUSDT,0.1,0,0,80.11,0.0,,Long,Market,Deactivated, 6d4ec545,05:26 2026-06-01,IOC,05:26 2026-06-01,,,Price,,
SOLUSDT,0.1,0,0,82.48,0.0,,Long,Market,Deactivated, d8c8d033,05:26 2026-06-01,IOC,05:26 2026-06-01,,,Price,,
SOLUSDT,0.1,77.74,81.82,,0.1,"{""USDT"":""0.0045001""}",Short,Market,Filled, 310ce048,05:26 2026-06-01,IOC,05:26 2026-06-01,,,Price,,
BTCUSDT,0.001,0,0,73921.4,0.0,,Long,Market,Deactivated, 1a9de764,05:25 2026-06-01,IOC,05:25 2026-06-01,,,Price,,
BTCUSDT,0.001,0,0,71794.7,0.0,,Long,Market,Deactivated, a72b2e81,05:25 2026-06-01,IOC,05:25 2026-06-01,,,Price,,
BTCUSDT,0.001,72600,73341.1,,0.001,"{""USDT"":""0.04033761""}",Short,Market,Filled, 6f74a24c,05:25 2026-06-01,IOC,05:25 2026-06-01,,,Price,,
ETHUSDT,0.01,0,0,2010.95,0.0,,Long,Market,Deactivated, 0931996c,05:25 2026-06-01,IOC,05:25 2026-06-01,,,Price,,
ETHUSDT,0.01,0,0,1953.1,0.0,,Long,Market,Deactivated, 3a4eea77,05:25 2026-06-01,IOC,05:25 2026-06-01,,,Price,,
ETHUSDT,0.01,1955.4,1994.99,,0.01,"{""USDT"":""0.01097245""}",Short,Market,Filled, 4b4393e4,05:25 2026-06-01,IOC,05:25 2026-06-01,,,Price,,
BTCUSDT,0.001,72613.9,73346.8,,0.001,"{""USDT"":""0.04034074""}",Short,Market,Filled, 16ae3623,05:25 2026-06-01,IOC,05:25 2026-06-01,,,Price,,
BTCUSDT,0.001,0,0,72908.0,0.0,,Short,Market,Deactivated, ee7e8abf,05:22 2026-06-01,IOC,05:22 2026-06-01,,,Price,,
BTCUSDT,0.001,0,0,75039.4,0.0,,Short,Market,Deactivated, 18bca11a,05:22 2026-06-01,IOC,05:22 2026-06-01,,,Price,,
BTCUSDT,0.001,74230.8,73496,,0.001,"{""USDT"":""0.0404228""}",Long,Market,Filled, 68e6fbde,05:22 2026-06-01,IOC,05:22 2026-06-01,,,Price,,
BTCUSDT,0.001,74199,73464.4,,0.001,"{""USDT"":""0.04040542""}",Long,Market,Filled, 1999d41c,05:21 2026-06-01,IOC,05:21 2026-06-01,,,Price,,
ETHUSDT,0.01,2037.86,1997.91,,0.01,"{""USDT"":""0.01098851""}",Long,Market,Filled, 81a44c59,05:20 2026-06-01,IOC,05:20 2026-06-01,,,Price,,
BTCUSDT,0.001,0,0,71878.3,0.0,,Long,Market,Deactivated, ee6a5649,05:17 2026-06-01,IOC,05:17 2026-06-01,,,Price,,
BTCUSDT,0.001,0,0,74007.5,0.0,,Long,Market,Deactivated, c03ef19b,05:17 2026-06-01,IOC,05:17 2026-06-01,,,Price,,
BTCUSDT,0.001,72686.1,73420,,0.001,"{""USDT"":""0.040381""}",Short,Market,Filled, 9f7a7cab,05:17 2026-06-01,IOC,05:17 2026-06-01,,,Price,,
ETHUSDT,0.01,0,0,1955.35,0.0,,Long,Market,Deactivated, e6b23ff2,05:16 2026-06-01,IOC,05:16 2026-06-01,,,Price,,
ETHUSDT,0.01,0,0,2013.27,0.0,,Long,Market,Deactivated, d40cec74,05:16 2026-06-01,IOC,05:16 2026-06-01,,,Price,,
ETHUSDT,0.01,1957.52,1997.48,,0.01,"{""USDT"":""0.01098614""}",Short,Market,Filled, 7748ebeb,05:16 2026-06-01,IOC,05:16 2026-06-01,,,Price,,
BTCUSDT,0.001,74183.9,73448.9,,0.001,"{""USDT"":""0.0403969""}",Long,Market,Filled, af876329,05:04 2026-06-01,IOC,05:04 2026-06-01,,,Price,,
BTCUSDT,0.001,0,0,71981.4,0.0,,Long,Market,Deactivated, f141323c,04:59 2026-06-01,IOC,04:59 2026-06-01,,,Price,,
BTCUSDT,0.001,0,0,74113.7,0.0,,Long,Market,Deactivated, 43200762,04:59 2026-06-01,IOC,04:59 2026-06-01,,,Price,,
BTCUSDT,0.001,72789.1,73525.4,,0.001,"{""USDT"":""0.04043897""}",Short,Market,Filled, af455d9e,04:59 2026-06-01,IOC,04:59 2026-06-01,,,Price,,
ETHUSDT,0.01,2040,1999.94,,0.01,"{""USDT"":""0.01099967""}",Long,Market,Filled, a9a0b24b,04:58 2026-06-01,IOC,04:58 2026-06-01,,,Price,,
ETHUSDT,0.01,0,0,2015.09,0.0,,Long,Market,Deactivated, 20ceba6a,04:55 2026-06-01,IOC,04:55 2026-06-01,,,Price,,
ETHUSDT,0.01,0,0,1957.11,0.0,,Long,Market,Deactivated, bb4e7322,04:55 2026-06-01,IOC,04:55 2026-06-01,,,Price,,
ETHUSDT,0.01,1959.15,1999.08,,0.01,"{""USDT"":""0.01099494""}",Short,Market,Filled, 2e24559e,04:55 2026-06-01,IOC,04:55 2026-06-01,,,Price,,
BTCUSDT,0.001,74144.7,73410.5,,0.001,"{""USDT"":""0.04037578""}",Long,Market,Filled, 580793e9,04:50 2026-06-01,IOC,04:50 2026-06-01,,,Price,,
ETHUSDT,0.01,2038.25,1998.3,,0.01,"{""USDT"":""0.01099065""}",Long,Market,Filled, a8c14612,04:46 2026-06-01,IOC,04:46 2026-06-01,,,Price,,
BTCUSDT,0.001,0,0,73996.2,0.0,,Long,Market,Deactivated, f32aef4f,04:46 2026-06-01,IOC,04:46 2026-06-01,,,Price,,
BTCUSDT,0.001,0,0,71867.4,0.0,,Long,Market,Deactivated, 2760ba31,04:46 2026-06-01,IOC,04:46 2026-06-01,,,Price,,
BTCUSDT,0.001,72670.2,73408.9,,0.001,"{""USDT"":""0.0403749""}",Short,Market,Filled, 1a82138b,04:46 2026-06-01,IOC,04:46 2026-06-01,,,Price,,
ETHUSDT,0.01,0,0,2013.78,0.0,,Long,Market,Deactivated, 04694b04,04:43 2026-06-01,IOC,04:43 2026-06-01,,,Price,,
ETHUSDT,0.01,0,0,1955.84,0.0,,Long,Market,Deactivated, 188af524,04:43 2026-06-01,IOC,04:43 2026-06-01,,,Price,,
ETHUSDT,0.01,1957.72,1997.64,,0.01,"{""USDT"":""0.01098702""}",Short,Market,Filled, 68de29b2,04:43 2026-06-01,IOC,04:43 2026-06-01,,,Price,,
BTCUSDT,0.001,74187.6,73458.2,,0.001,"{""USDT"":""0.04040201""}",Long,Market,Filled, c61ba3db,04:42 2026-06-01,IOC,04:42 2026-06-01,,,Price,,
ETHUSDT,0.01,2039.3,1999.32,,0.01,"{""USDT"":""0.01099626""}",Long,Market,Filled, a9be512e,04:42 2026-06-01,IOC,04:42 2026-06-01,,,Price,,
BTCUSDT,0.001,0,0,73982.4,0.0,,Long,Market,Deactivated, 7ec513f5,04:39 2026-06-01,IOC,04:39 2026-06-01,,,Price,,
BTCUSDT,0.001,0,0,71854.0,0.0,,Long,Market,Deactivated, 88095060,04:39 2026-06-01,IOC,04:39 2026-06-01,,,Price,,
BTCUSDT,0.001,72661.2,73394.3,,0.001,"{""USDT"":""0.04036687""}",Short,Market,Filled, 208385ba,04:39 2026-06-01,IOC,04:39 2026-06-01,,,Price,,
ETHUSDT,0.01,0,0,1955.19,0.0,,Long,Market,Deactivated, f81a4d53,04:39 2026-06-01,IOC,04:39 2026-06-01,,,Price,,
ETHUSDT,0.01,0,0,2013.1,0.0,,Long,Market,Deactivated, 7d34e2f5,04:39 2026-06-01,IOC,04:39 2026-06-01,,,Price,,
ETHUSDT,0.01,1957.23,1997.12,,0.01,"{""USDT"":""0.01098416""}",Short,Market,Filled, 81a2aaae,04:39 2026-06-01,IOC,04:39 2026-06-01,,,Price,,
BTCUSDT,0.001,74147.8,73413.7,,0.001,"{""USDT"":""0.04037754""}",Long,Market,Filled, be5d1c76,04:35 2026-06-01,IOC,04:35 2026-06-01,,,Price,,
BTCUSDT,0.001,0,0,72230.1,0.0,,Long,Market,Deactivated, 1b79f92d,03:53 2026-06-01,IOC,03:53 2026-06-01,,,Price,,
BTCUSDT,0.001,0,0,74369.7,0.0,,Long,Market,Deactivated, 88f9b863,03:53 2026-06-01,IOC,03:53 2026-06-01,,,Price,,
BTCUSDT,0.001,73047.5,73780,,0.001,"{""USDT"":""0.040579""}",Short,Market,Filled, b4c51363,03:53 2026-06-01,IOC,03:53 2026-06-01,,,Price,,
BTCUSDT,0.001,74606,73867.3,,0.001,"{""USDT"":""0.04062702""}",Long,Market,Filled, ae15a20f,03:50 2026-06-01,IOC,03:50 2026-06-01,,,Price,,
SOLUSDT,0.1,86.88,82.75,,0.1,"{""USDT"":""0.00455125""}",Long,Market,Filled, bf4037d8,03:50 2026-06-01,IOC,03:50 2026-06-01,,,Price,,
ETHUSDT,0.01,2053.29,2013.04,,0.01,"{""USDT"":""0.01107172""}",Long,Market,Filled, 8cc2eea9,03:50 2026-06-01,IOC,03:50 2026-06-01,,,Price,,
BTCUSDT,0.001,0,0,72264.1,0.0,,Long,Market,Deactivated, 56376d8e,03:40 2026-06-01,IOC,03:40 2026-06-01,,,Price,,
BTCUSDT,0.001,0,0,74404.7,0.0,,Long,Market,Deactivated, 05054733,03:40 2026-06-01,IOC,03:40 2026-06-01,,,Price,,
BTCUSDT,0.001,73076.1,73812,,0.001,"{""USDT"":""0.0405966""}",Short,Market,Filled, e9c01a38,03:40 2026-06-01,IOC,03:40 2026-06-01,,,Price,,
SOLUSDT,0.1,0,0,80.97,0.0,,Long,Market,Deactivated, 7cdebccb,03:39 2026-06-01,IOC,03:39 2026-06-01,,,Price,,
SOLUSDT,0.1,0,0,83.37,0.0,,Long,Market,Deactivated, dee7067a,03:39 2026-06-01,IOC,03:39 2026-06-01,,,Price,,
SOLUSDT,0.1,78.58,82.7,,0.1,"{""USDT"":""0.0045485""}",Short,Market,Filled, 733d25fc,03:39 2026-06-01,IOC,03:39 2026-06-01,,,Price,,
ETHUSDT,0.01,0,0,2028.21,0.0,,Long,Market,Deactivated, 6550749c,03:39 2026-06-01,IOC,03:39 2026-06-01,,,Price,,
ETHUSDT,0.01,0,0,1969.86,0.0,,Long,Market,Deactivated, af31ce54,03:39 2026-06-01,IOC,03:39 2026-06-01,,,Price,,
ETHUSDT,0.01,1971.84,2012.11,,0.01,"{""USDT"":""0.01106661""}",Short,Market,Filled, bef0e8b9,03:39 2026-06-01,IOC,03:39 2026-06-01,,,Price,,
BTCUSDT,0.001,73167.5,73903.7,,0.001,"{""USDT"":""0.04064704""}",Short,Market,Filled, e9941acc,03:35 2026-06-01,IOC,03:35 2026-06-01,,,Price,,
BTCUSDT,0.001,0,0,73351.1,0.0,,Short,Market,Deactivated, fe0e0c8b,03:31 2026-06-01,IOC,03:31 2026-06-01,,,Price,,
BTCUSDT,0.001,0,0,75495.4,0.0,,Short,Market,Deactivated, 6d846baa,03:31 2026-06-01,IOC,03:31 2026-06-01,,,Price,,
BTCUSDT,0.001,74685.3,73936.8,,0.001,"{""USDT"":""0.04066524""}",Long,Market,Filled, 15aa0008,03:31 2026-06-01,IOC,03:31 2026-06-01,,,Price,,
ETHUSDT,0.01,2056.1,2016,,0.01,"{""USDT"":""0.011088""}",Long,Market,Filled, 6fc10761,03:23 2026-06-01,IOC,03:23 2026-06-01,,,Price,,
SOLUSDT,0.1,87.03,82.9,,0.1,"{""USDT"":""0.0045595""}",Long,Market,Filled, f5b34938,03:23 2026-06-01,IOC,03:23 2026-06-01,,,Price,,
ETHUSDT,0.01,0,0,1968.92,0.0,,Long,Market,Deactivated, 3e18f421,03:18 2026-06-01,IOC,03:18 2026-06-01,,,Price,,
ETHUSDT,0.01,0,0,2027.24,0.0,,Long,Market,Deactivated, 86f8c472,03:18 2026-06-01,IOC,03:18 2026-06-01,,,Price,,
ETHUSDT,0.01,1971.18,2011.15,,0.01,"{""USDT"":""0.01106133""}",Short,Market,Filled, 872e2fb9,03:18 2026-06-01,IOC,03:18 2026-06-01,,,Price,,
SOLUSDT,0.1,0,0,83.27,0.0,,Long,Market,Deactivated, f020b97b,03:18 2026-06-01,IOC,03:18 2026-06-01,,,Price,,
SOLUSDT,0.1,0,0,80.87,0.0,,Long,Market,Deactivated, cb39abb7,03:18 2026-06-01,IOC,03:18 2026-06-01,,,Price,,
SOLUSDT,0.1,78.46,82.6,,0.1,"{""USDT"":""0.004543""}",Short,Market,Filled, a0fc0e1a,03:18 2026-06-01,IOC,03:18 2026-06-01,,,Price,,
BTCUSDT,0.001,73113.4,73852.7,,0.001,"{""USDT"":""0.04061899""}",Short,Market,Filled, 7a86873d,03:15 2026-06-01,IOC,03:15 2026-06-01,,,Price,,
BTCUSDT,0.001,0,0,75509.7,0.0,,Short,Market,Deactivated, 81b3ba4f,03:04 2026-06-01,IOC,03:04 2026-06-01,,,Price,,
BTCUSDT,0.001,0,0,73365.0,0.0,,Short,Market,Deactivated, 92f5e379,03:04 2026-06-01,IOC,03:04 2026-06-01,,,Price,,
BTCUSDT,0.001,74696.2,73956.7,,0.001,"{""USDT"":""0.04067619""}",Long,Market,Filled, 65d47088,03:04 2026-06-01,IOC,03:04 2026-06-01,,,Price,,
BTCUSDT,0.001,73008.6,73738.5,,0.001,"{""USDT"":""0.04055618""}",Short,Market,Filled, fa112bd6,02:55 2026-06-01,IOC,02:55 2026-06-01,,,Price,,
BTCUSDT,0.001,0,0,75088.8,0.0,,Short,Market,Deactivated, 3d7a900c,02:39 2026-06-01,IOC,02:39 2026-06-01,,,Price,,
BTCUSDT,0.001,0,0,72956.0,0.0,,Short,Market,Deactivated, 8cf2a13e,02:39 2026-06-01,IOC,02:39 2026-06-01,,,Price,,
BTCUSDT,0.001,74273.2,73542.4,,0.001,"{""USDT"":""0.04044832""}",Long,Market,Filled, cfc07dd5,02:39 2026-06-01,IOC,02:39 2026-06-01,,,Price,,
ETHUSDT,0.01,2043.62,2003.55,,0.01,"{""USDT"":""0.01101953""}",Long,Market,Filled, 5d3cc28e,02:12 2026-06-01,IOC,02:12 2026-06-01,,,Price,,
ETHUSDT,0.01,0,0,2017.46,0.0,,Long,Market,Deactivated, 363fe5a4,02:09 2026-06-01,IOC,02:09 2026-06-01,,,Price,,
ETHUSDT,0.01,0,0,1959.41,0.0,,Long,Market,Deactivated, f749a46d,02:09 2026-06-01,IOC,02:09 2026-06-01,,,Price,,
ETHUSDT,0.01,1961.57,2001.44,,0.01,"{""USDT"":""0.01100792""}",Short,Market,Filled, da224001,02:09 2026-06-01,IOC,02:09 2026-06-01,,,Price,,
SOLUSDT,0.1,86.11,82.03,,0.1,"{""USDT"":""0.00451165""}",Long,Market,Filled, 3c288c90,02:07 2026-06-01,IOC,02:07 2026-06-01,,,Price,,
ETHUSDT,0.01,2036.91,1997.41,,0.01,"{""USDT"":""0.01098576""}",Long,Market,Filled, ae1d7ae3,02:05 2026-06-01,IOC,02:05 2026-06-01,,,Price,,
BTCUSDT,0.001,74070.5,73337.3,,0.001,"{""USDT"":""0.04033552""}",Long,Market,Filled, 79c884ad,02:05 2026-06-01,IOC,02:05 2026-06-01,,,Price,,
ETHUSDT,0.01,0,0,2017.81,0.0,,Long,Market,Deactivated, 7531da46,01:42 2026-06-01,IOC,01:42 2026-06-01,,,Price,,
ETHUSDT,0.01,0,0,1959.76,0.0,,Long,Market,Deactivated, ef7e7f91,01:42 2026-06-01,IOC,01:42 2026-06-01,,,Price,,
ETHUSDT,0.01,1962.03,2001.79,,0.01,"{""USDT"":""0.01100985""}",Short,Market,Filled, 3a882e3b,01:42 2026-06-01,IOC,01:42 2026-06-01,,,Price,,
SOLUSDT,0.1,0,0,80.41,0.0,,Long,Market,Deactivated, 7728d66e,01:42 2026-06-01,IOC,01:42 2026-06-01,,,Price,,
SOLUSDT,0.1,0,0,82.79,0.0,,Long,Market,Deactivated, d4d24983,01:42 2026-06-01,IOC,01:42 2026-06-01,,,Price,,
SOLUSDT,0.1,78.03,82.13,,0.1,"{""USDT"":""0.00451715""}",Short,Market,Filled, 5aca8cbe,01:42 2026-06-01,IOC,01:42 2026-06-01,,,Price,,
ETHUSDT,0.01,2044.61,2004.27,,0.01,"{""USDT"":""0.01102349""}",Long,Market,Filled, dd06bd6d,01:41 2026-06-01,IOC,01:41 2026-06-01,,,Price,,
BTCUSDT,0.001,0,0,74144.4,0.0,,Long,Market,Deactivated, 1f7b7ba1,01:39 2026-06-01,IOC,01:39 2026-06-01,,,Price,,
BTCUSDT,0.001,0,0,72011.3,0.0,,Long,Market,Deactivated, 16db8efe,01:39 2026-06-01,IOC,01:39 2026-06-01,,,Price,,
BTCUSDT,0.001,72823.3,73557.4,,0.001,"{""USDT"":""0.04045657""}",Short,Market,Filled, 0877ade1,01:39 2026-06-01,IOC,01:39 2026-06-01,,,Price,,
ETHUSDT,0.01,0,0,2019.43,0.0,,Long,Market,Deactivated, edffe585,01:38 2026-06-01,IOC,01:38 2026-06-01,,,Price,,
ETHUSDT,0.01,0,0,1961.33,0.0,,Long,Market,Deactivated, 8e0e257b,01:38 2026-06-01,IOC,01:38 2026-06-01,,,Price,,
ETHUSDT,0.01,1963.3,2003.4,,0.01,"{""USDT"":""0.0110187""}",Short,Market,Filled, 29ac1c49,01:38 2026-06-01,IOC,01:38 2026-06-01,,,Price,,
SOLUSDT,0.1,86.44,82.33,,0.1,"{""USDT"":""0.00452815""}",Long,Market,Filled, abc25eaa,01:35 2026-06-01,IOC,01:35 2026-06-01,,,Price,,
ETHUSDT,0.01,2044.91,2004.63,,0.01,"{""USDT"":""0.01102547""}",Long,Market,Filled, e416e46a,01:35 2026-06-01,IOC,01:35 2026-06-01,,,Price,,
BTCUSDT,0.001,74304.8,73569,,0.001,"{""USDT"":""0.04046295""}",Long,Market,Filled, b125bc65,01:34 2026-06-01,IOC,01:34 2026-06-01,,,Price,,
BTCUSDT,0.001,0,0,72007.6,0.0,,Long,Market,Deactivated, c282fd86,01:31 2026-06-01,IOC,01:31 2026-06-01,,,Price,,
BTCUSDT,0.001,0,0,74140.6,0.0,,Long,Market,Deactivated, e9de431e,01:31 2026-06-01,IOC,01:31 2026-06-01,,,Price,,
BTCUSDT,0.001,72818.6,73555.6,,0.001,"{""USDT"":""0.04045558""}",Short,Market,Filled, 55c70f6f,01:31 2026-06-01,IOC,01:31 2026-06-01,,,Price,,
SOLUSDT,0.1,0,0,80.46,0.0,,Long,Market,Deactivated, 95690718,01:31 2026-06-01,IOC,01:31 2026-06-01,,,Price,,
SOLUSDT,0.1,0,0,82.84,0.0,,Long,Market,Deactivated, 2856d448,01:31 2026-06-01,IOC,01:31 2026-06-01,,,Price,,
SOLUSDT,0.1,78.08,82.18,,0.1,"{""USDT"":""0.0045199""}",Short,Market,Filled, 735fb2fa,01:31 2026-06-01,IOC,01:31 2026-06-01,,,Price,,
ETHUSDT,0.01,0,0,1960.73,0.0,,Long,Market,Deactivated, a5c493cc,01:30 2026-06-01,IOC,01:30 2026-06-01,,,Price,,
ETHUSDT,0.01,0,0,2018.81,0.0,,Long,Market,Deactivated, c4430834,01:30 2026-06-01,IOC,01:30 2026-06-01,,,Price,,
ETHUSDT,0.01,1962.64,2002.78,,0.01,"{""USDT"":""0.01101529""}",Short,Market,Filled, c8ad7e1f,01:30 2026-06-01,IOC,01:30 2026-06-01,,,Price,,
ETHUSDT,0.01,2044.68,2004.59,,0.01,"{""USDT"":""0.01102525""}",Long,Market,Filled, e39e1eca,01:29 2026-06-01,IOC,01:29 2026-06-01,,,Price,,
SOLUSDT,0.1,86.43,82.32,,0.1,"{""USDT"":""0.0045276""}",Long,Market,Filled, e0887539,01:26 2026-06-01,IOC,01:26 2026-06-01,,,Price,,
ETHUSDT,0.01,0,0,1959.55,0.0,,Long,Market,Deactivated, df4c1c81,01:25 2026-06-01,IOC,01:25 2026-06-01,,,Price,,
ETHUSDT,0.01,0,0,2017.6,0.0,,Long,Market,Deactivated, d6ef18ba,01:25 2026-06-01,IOC,01:25 2026-06-01,,,Price,,
ETHUSDT,0.01,1961.89,2001.58,,0.01,"{""USDT"":""0.01100869""}",Short,Market,Filled, 490d8577,01:25 2026-06-01,IOC,01:25 2026-06-01,,,Price,,
ETHUSDT,0.01,2046.22,2006.26,,0.01,"{""USDT"":""0.01103443""}",Long,Market,Filled, c53150fa,01:20 2026-06-01,IOC,01:20 2026-06-01,,,Price,,
BTCUSDT,0.001,74326.6,73590.7,,0.001,"{""USDT"":""0.04047489""}",Long,Market,Filled, 077ce96e,01:20 2026-06-01,IOC,01:20 2026-06-01,,,Price,,
SOLUSDT,0.1,0,0,83.03,0.0,,Long,Market,Deactivated, ed2a3f4d,01:09 2026-06-01,IOC,01:09 2026-06-01,,,Price,,
SOLUSDT,0.1,0,0,80.65,0.0,,Long,Market,Deactivated, 540809c5,01:09 2026-06-01,IOC,01:09 2026-06-01,,,Price,,
SOLUSDT,0.1,78.26,82.37,,0.1,"{""USDT"":""0.00453035""}",Short,Market,Filled, c5e928b7,01:09 2026-06-01,IOC,01:09 2026-06-01,,,Price,,
ETHUSDT,0.01,0,0,2028.75,0.0,,Long,Market,Deactivated, 696b5227,01:04 2026-06-01,IOC,01:04 2026-06-01,,,Price,,
ETHUSDT,0.01,0,0,1970.38,0.0,,Long,Market,Deactivated, 4f7768aa,01:04 2026-06-01,IOC,01:04 2026-06-01,,,Price,,
ETHUSDT,0.01,1972.35,2012.59,,0.01,"{""USDT"":""0.01106925""}",Short,Market,Filled, 2d99b365,01:04 2026-06-01,IOC,01:04 2026-06-01,,,Price,,
BTCUSDT,0.001,0,0,72181.7,0.0,,Long,Market,Deactivated, 753cb2ce,01:03 2026-06-01,IOC,01:03 2026-06-01,,,Price,,
BTCUSDT,0.001,0,0,74319.9,0.0,,Long,Market,Deactivated, cc172e50,01:03 2026-06-01,IOC,01:03 2026-06-01,,,Price,,
BTCUSDT,0.001,72986.3,73726.3,,0.001,"{""USDT"":""0.04054947""}",Short,Market,Filled, 3ad60875,01:03 2026-06-01,IOC,01:03 2026-06-01,,,Price,,
BTCUSDT,0.001,73130.1,73870.1,,0.001,"{""USDT"":""0.04062856""}",Short,Market,Filled, af339788,00:40 2026-06-01,IOC,00:40 2026-06-01,,,Price,,
BTCUSDT,0.001,0,0,75390.8,0.0,,Short,Market,Deactivated, 769da76a,00:27 2026-06-01,IOC,00:27 2026-06-01,,,Price,,
BTCUSDT,0.001,0,0,73249.4,0.0,,Short,Market,Deactivated, e27cb5db,00:27 2026-06-01,IOC,00:27 2026-06-01,,,Price,,
BTCUSDT,0.001,74578.6,73840.2,,0.001,"{""USDT"":""0.04061211""}",Long,Market,Filled, fe247b2b,00:27 2026-06-01,IOC,00:27 2026-06-01,,,Price,,
SOLUSDT,0.1,78.51,82.64,,0.1,"{""USDT"":""0.0045452""}",Short,Market,Filled, 9cec25f3,00:17 2026-06-01,IOC,00:17 2026-06-01,,,Price,,
BTCUSDT,0.001,73029.6,73754.7,,0.001,"{""USDT"":""0.04056509""}",Short,Market,Filled, 77548d1d,00:17 2026-06-01,IOC,00:17 2026-06-01,,,Price,,
ETHUSDT,0.01,1970.37,2010.43,,0.01,"{""USDT"":""0.01105737""}",Short,Market,Filled, 71b88bd7,00:17 2026-06-01,IOC,00:17 2026-06-01,,,Price,,
BTCUSDT,0.001,0,0,73242.7,0.0,,Short,Market,Deactivated, fbab3af7,00:04 2026-06-01,IOC,00:04 2026-06-01,,,Price,,
BTCUSDT,0.001,0,0,75383.9,0.0,,Short,Market,Deactivated, 996c72ad,00:04 2026-06-01,IOC,00:04 2026-06-01,,,Price,,
BTCUSDT,0.001,74575.4,73835.8,,0.001,"{""USDT"":""0.04060969""}",Long,Market,Filled, 4eb28e21,00:04 2026-06-01,IOC,00:04 2026-06-01,,,Price,,
SOLUSDT,0.1,0,0,84.25,0.0,,Short,Market,Deactivated, 6a01a5b2,00:02 2026-06-01,IOC,00:02 2026-06-01,,,Price,,
SOLUSDT,0.1,0,0,81.85,0.0,,Short,Market,Deactivated, e3365cdc,00:02 2026-06-01,IOC,00:02 2026-06-01,,,Price,,
SOLUSDT,0.1,86.64,82.52,,0.1,"{""USDT"":""0.0045386""}",Long,Market,Filled, 8b528ff0,00:02 2026-06-01,IOC,00:02 2026-06-01,,,Price,,
ETHUSDT,0.01,0,0,1992.58,0.0,,Short,Market,Deactivated, 3cb3710e,00:02 2026-06-01,IOC,00:02 2026-06-01,,,Price,,
ETHUSDT,0.01,0,0,2050.83,0.0,,Short,Market,Deactivated, 48caa8b6,00:02 2026-06-01,IOC,00:02 2026-06-01,,,Price,,
ETHUSDT,0.01,2048.82,2008.65,,0.01,"{""USDT"":""0.01104758""}",Long,Market,Filled, 6a210894,00:02 2026-06-01,IOC,00:02 2026-06-01,,,Price,,
BTCUSDT,0.001,74391.5,73655,,0.001,"{""USDT"":""0.04051025""}",Long,Market,Filled, ead2475b,23:50 2026-05-31,IOC,23:50 2026-05-31,,,Price,,
ETHUSDT,0.01,2044.83,2004.75,,0.01,"{""USDT"":""0.01102613""}",Long,Market,Filled, a6aba66c,23:48 2026-05-31,IOC,23:48 2026-05-31,,,Price,,
SOLUSDT,0.1,86.29,82.19,,0.1,"{""USDT"":""0.00452045""}",Long,Market,Filled, b435142b,23:48 2026-05-31,IOC,23:48 2026-05-31,,,Price,,
ETHUSDT,0.01,0,0,2024.92,0.0,,Long,Market,Deactivated, 002e43e2,23:22 2026-05-31,IOC,23:22 2026-05-31,,,Price,,
ETHUSDT,0.01,0,0,1966.66,0.0,,Long,Market,Deactivated, 51221124,23:22 2026-05-31,IOC,23:22 2026-05-31,,,Price,,
ETHUSDT,0.01,1968.64,2008.84,,0.01,"{""USDT"":""0.01104862""}",Short,Market,Filled, a42ed012,23:22 2026-05-31,IOC,23:22 2026-05-31,,,Price,,
BTCUSDT,0.001,0,0,72232.8,0.0,,Long,Market,Deactivated, e5cfa1b1,23:22 2026-05-31,IOC,23:22 2026-05-31,,,Price,,
BTCUSDT,0.001,0,0,74372.5,0.0,,Long,Market,Deactivated, f03488d1,23:22 2026-05-31,IOC,23:22 2026-05-31,,,Price,,
BTCUSDT,0.001,73042.4,73782.2,,0.001,"{""USDT"":""0.04058021""}",Short,Market,Filled, 8aa76572,23:22 2026-05-31,IOC,23:22 2026-05-31,,,Price,,
SOLUSDT,0.1,0,0,80.62,0.0,,Long,Market,Deactivated, 65eefae6,23:22 2026-05-31,IOC,23:22 2026-05-31,,,Price,,
SOLUSDT,0.1,0,0,83.0,0.0,,Long,Market,Deactivated, c596e81f,23:22 2026-05-31,IOC,23:22 2026-05-31,,,Price,,
SOLUSDT,0.1,78.23,82.34,,0.1,"{""USDT"":""0.0045287""}",Short,Market,Filled, c6a2e22d,23:22 2026-05-31,IOC,23:22 2026-05-31,,,Price,,
ETHUSDT,0.01,1974.23,2014.55,,0.01,"{""USDT"":""0.01108003""}",Short,Market,Filled, 59b7ea11,23:16 2026-05-31,IOC,23:16 2026-05-31,,,Price,,
SOLUSDT,0.1,78.42,82.55,,0.1,"{""USDT"":""0.00454025""}",Short,Market,Filled, 45c5c0b1,23:15 2026-05-31,IOC,23:15 2026-05-31,,,Price,,
BTCUSDT,0.001,73167.2,73905.4,,0.001,"{""USDT"":""0.04064797""}",Short,Market,Filled, b98f8c80,23:11 2026-05-31,IOC,23:11 2026-05-31,,,Price,,
SOLUSDT,0.1,0,0,82.06,0.0,,Short,Market,Deactivated, 1a386e98,23:03 2026-05-31,IOC,23:03 2026-05-31,,,Price,,
SOLUSDT,0.1,0,0,84.46,0.0,,Short,Market,Deactivated, 35ba8399,23:03 2026-05-31,IOC,23:03 2026-05-31,,,Price,,
SOLUSDT,0.1,86.86,82.73,,0.1,"{""USDT"":""0.00455015""}",Long,Market,Filled, a2cef1dc,23:03 2026-05-31,IOC,23:03 2026-05-31,,,Price,,
ETHUSDT,0.01,0,0,1996.15,0.0,,Short,Market,Deactivated, 88bac936,22:57 2026-05-31,IOC,22:57 2026-05-31,,,Price,,
ETHUSDT,0.01,0,0,2054.5,0.0,,Short,Market,Deactivated, 9bb17314,22:57 2026-05-31,IOC,22:57 2026-05-31,,,Price,,
ETHUSDT,0.01,2052.57,2012.33,,0.01,"{""USDT"":""0.01106782""}",Long,Market,Filled, 052ce32f,22:57 2026-05-31,IOC,22:57 2026-05-31,,,Price,,
BTCUSDT,0.001,0,0,75474.8,0.0,,Short,Market,Deactivated, cca23d1b,22:52 2026-05-31,IOC,22:52 2026-05-31,,,Price,,
BTCUSDT,0.001,0,0,73331.1,0.0,,Short,Market,Deactivated, f2b42179,22:52 2026-05-31,IOC,22:52 2026-05-31,,,Price,,
BTCUSDT,0.001,74664.1,73922.5,,0.001,"{""USDT"":""0.04065738""}",Long,Market,Filled, d5637f5b,22:52 2026-05-31,IOC,22:52 2026-05-31,,,Price,,
ETHUSDT,0.01,1970.76,2011,,0.01,"{""USDT"":""0.0110605""}",Short,Market,Filled, 59b82b36,22:49 2026-05-31,IOC,22:49 2026-05-31,,,Price,,
BTCUSDT,0.001,73113.1,73848.3,,0.001,"{""USDT"":""0.04061657""}",Short,Market,Filled, 4ff098e9,22:43 2026-05-31,IOC,22:43 2026-05-31,,,Price,,
BTCUSDT,0.001,0,0,75513.1,0.0,,Short,Market,Deactivated, 714d0eef,22:34 2026-05-31,IOC,22:34 2026-05-31,,,Price,,
BTCUSDT,0.001,0,0,73368.3,0.0,,Short,Market,Deactivated, a55227d7,22:34 2026-05-31,IOC,22:34 2026-05-31,,,Price,,
BTCUSDT,0.001,74699.4,73960,,0.001,"{""USDT"":""0.040678""}",Long,Market,Filled, 3a8f4432,22:34 2026-05-31,IOC,22:34 2026-05-31,,,Price,,
ETHUSDT,0.01,0,0,2055.13,0.0,,Short,Market,Deactivated, 4de10785,22:34 2026-05-31,IOC,22:34 2026-05-31,,,Price,,
ETHUSDT,0.01,0,0,1996.75,0.0,,Short,Market,Deactivated, 369c0562,22:34 2026-05-31,IOC,22:34 2026-05-31,,,Price,,
ETHUSDT,0.01,2053.26,2012.86,,0.01,"{""USDT"":""0.01107073""}",Long,Market,Filled, cbd7468a,22:34 2026-05-31,IOC,22:34 2026-05-31,,,Price,,
BTCUSDT,0.001,73115.2,73851,,0.001,"{""USDT"":""0.04061805""}",Short,Market,Filled, b0dea555,22:30 2026-05-31,IOC,22:30 2026-05-31,,,Price,,
SOLUSDT,0.1,78.26,82.37,,0.1,"{""USDT"":""0.00453035""}",Short,Market,Filled, 85f074ef,22:29 2026-05-31,IOC,22:29 2026-05-31,,,Price,,
ETHUSDT,0.01,1969.44,2009.66,,0.01,"{""USDT"":""0.01105313""}",Short,Market,Filled, 7d443bb3,22:29 2026-05-31,IOC,22:29 2026-05-31,,,Price,,
BTCUSDT,0.001,0,0,73349.6,0.0,,Short,Market,Deactivated, def39485,22:26 2026-05-31,IOC,22:26 2026-05-31,,,Price,,
BTCUSDT,0.001,0,0,75493.9,0.0,,Short,Market,Deactivated, d7d9d839,22:26 2026-05-31,IOC,22:26 2026-05-31,,,Price,,
BTCUSDT,0.001,74690.6,73941.2,,0.001,"{""USDT"":""0.04066766""}",Long,Market,Filled, 98b0a223,22:26 2026-05-31,IOC,22:26 2026-05-31,,,Price,,
ETHUSDT,0.01,0,0,1996.17,0.0,,Short,Market,Deactivated, 856fbdb3,22:26 2026-05-31,IOC,22:26 2026-05-31,,,Price,,
ETHUSDT,0.01,0,0,2054.52,0.0,,Short,Market,Deactivated, 0edab2dd,22:26 2026-05-31,IOC,22:26 2026-05-31,,,Price,,
ETHUSDT,0.01,2052.49,2012.26,,0.01,"{""USDT"":""0.01106743""}",Long,Market,Filled, e2682cec,22:26 2026-05-31,IOC,22:26 2026-05-31,,,Price,,
BTCUSDT,0.001,73040.2,73780,,0.001,"{""USDT"":""0.040579""}",Short,Market,Filled, 3be99a80,22:21 2026-05-31,IOC,22:21 2026-05-31,,,Price,,
BTCUSDT,0.001,0,0,75477.1,0.0,,Short,Market,Deactivated, 5e53f2ed,22:15 2026-05-31,IOC,22:15 2026-05-31,,,Price,,
BTCUSDT,0.001,0,0,73333.3,0.0,,Short,Market,Deactivated, 1a455184,22:15 2026-05-31,IOC,22:15 2026-05-31,,,Price,,
BTCUSDT,0.001,74671.2,73924.7,,0.001,"{""USDT"":""0.04065859""}",Long,Market,Filled, 5b8b085a,22:15 2026-05-31,IOC,22:15 2026-05-31,,,Price,,
ETHUSDT,0.01,2051.98,2012,,0.01,"{""USDT"":""0.011066""}",Long,Market,Filled, 3537fac2,22:15 2026-05-31,IOC,22:15 2026-05-31,,,Price,,
SOLUSDT,0.1,0,0,81.74,0.0,,Short,Market,Deactivated, de9b5bc5,22:14 2026-05-31,IOC,22:14 2026-05-31,,,Price,,
SOLUSDT,0.1,0,0,84.13,0.0,,Short,Market,Deactivated, 028bd86b,22:14 2026-05-31,IOC,22:14 2026-05-31,,,Price,,
SOLUSDT,0.1,86.51,82.4,,0.1,"{""USDT"":""0.004532""}",Long,Market,Filled, 2d4fd8d1,22:14 2026-05-31,IOC,22:14 2026-05-31,,,Price,,
BTCUSDT,0.001,74613.8,73872.7,,0.001,"{""USDT"":""0.04062999""}",Long,Market,Filled, fa95709b,22:14 2026-05-31,IOC,22:14 2026-05-31,,,Price,,
SOLUSDT,0.1,86.39,82.28,,0.1,"{""USDT"":""0.0045254""}",Long,Market,Filled, 56c02591,22:11 2026-05-31,IOC,22:11 2026-05-31,,,Price,,
SOLUSDT,0.1,0,0,80.28,0.0,,Long,Market,Deactivated, c3019c1e,22:04 2026-05-31,IOC,22:04 2026-05-31,,,Price,,
SOLUSDT,0.1,0,0,82.66,0.0,,Long,Market,Deactivated, 7dd1e777,22:04 2026-05-31,IOC,22:04 2026-05-31,,,Price,,
SOLUSDT,0.1,77.91,82,,0.1,"{""USDT"":""0.00451""}",Short,Market,Filled, 3c79adb2,22:04 2026-05-31,IOC,22:04 2026-05-31,,,Price,,
ETHUSDT,0.01,0,0,1963.75,0.0,,Long,Market,Deactivated, b0e3fbaa,22:03 2026-05-31,IOC,22:03 2026-05-31,,,Price,,
ETHUSDT,0.01,0,0,2021.92,0.0,,Long,Market,Deactivated, 69fca949,22:03 2026-05-31,IOC,22:03 2026-05-31,,,Price,,
ETHUSDT,0.01,1965.82,2005.87,,0.01,"{""USDT"":""0.01103229""}",Short,Market,Filled, a422835e,22:03 2026-05-31,IOC,22:03 2026-05-31,,,Price,,
BTCUSDT,0.001,0,0,74335.1,0.0,,Long,Market,Deactivated, d7ad7c53,22:03 2026-05-31,IOC,22:03 2026-05-31,,,Price,,
BTCUSDT,0.001,0,0,72196.5,0.0,,Long,Market,Deactivated, d54645dc,22:03 2026-05-31,IOC,22:03 2026-05-31,,,Price,,
BTCUSDT,0.001,73009.3,73748.6,,0.001,"{""USDT"":""0.04056173""}",Short,Market,Filled, 28ea5299,22:03 2026-05-31,IOC,22:03 2026-05-31,,,Price,,
BTCUSDT,0.001,73059.1,73789.1,,0.001,"{""USDT"":""0.04058401""}",Short,Market,Filled, 1cc1a6e6,22:02 2026-05-31,IOC,22:02 2026-05-31,,,Price,,
BTCUSDT,0.001,0,0,73066.8,0.0,,Short,Market,Deactivated, 3314200a,21:41 2026-05-31,IOC,21:41 2026-05-31,,,Price,,
BTCUSDT,0.001,0,0,75202.8,0.0,,Short,Market,Deactivated, d918e960,21:41 2026-05-31,IOC,21:41 2026-05-31,,,Price,,
BTCUSDT,0.001,74396.6,73656.1,,0.001,"{""USDT"":""0.04051086""}",Long,Market,Filled, 2834520d,21:41 2026-05-31,IOC,21:41 2026-05-31,,,Price,,
ETHUSDT,0.01,2047.98,2007.65,,0.01,"{""USDT"":""0.01104208""}",Long,Market,Filled, 0d1d98ac,21:37 2026-05-31,IOC,21:37 2026-05-31,,,Price,,
BTCUSDT,0.001,74392.6,73656.2,,0.001,"{""USDT"":""0.04051091""}",Long,Market,Filled, b5a939b0,21:35 2026-05-31,IOC,21:35 2026-05-31,,,Price,,
ETHUSDT,0.01,0,0,2021.84,0.0,,Long,Market,Deactivated, bdb5d891,21:34 2026-05-31,IOC,21:34 2026-05-31,,,Price,,
ETHUSDT,0.01,0,0,1963.67,0.0,,Long,Market,Deactivated, fdc105c7,21:34 2026-05-31,IOC,21:34 2026-05-31,,,Price,,
ETHUSDT,0.01,1965.79,2005.93,,0.01,"{""USDT"":""0.01103262""}",Short,Market,Filled, 181abe38,21:34 2026-05-31,IOC,21:34 2026-05-31,,,Price,,
ETHUSDT,0.01,1965.86,2006.01,,0.01,"{""USDT"":""0.01103306""}",Short,Market,Filled, 981800ff,21:31 2026-05-31,IOC,21:31 2026-05-31,,,Price,,
BTCUSDT,0.001,0,0,72040.1,0.0,,Long,Market,Deactivated, aa35ddbf,21:26 2026-05-31,IOC,21:26 2026-05-31,,,Price,,
BTCUSDT,0.001,0,0,74174.0,0.0,,Long,Market,Deactivated, 16a3b4e8,21:26 2026-05-31,IOC,21:26 2026-05-31,,,Price,,
BTCUSDT,0.001,72848.5,73585.3,,0.001,"{""USDT"":""0.04047192""}",Short,Market,Filled, c88f098b,21:26 2026-05-31,IOC,21:26 2026-05-31,,,Price,,
BTCUSDT,0.001,74389,73654.2,,0.001,"{""USDT"":""0.04050981""}",Long,Market,Filled, 716b9285,21:25 2026-05-31,IOC,21:25 2026-05-31,,,Price,,
BTCUSDT,0.001,0,0,74233.5,0.0,,Long,Market,Deactivated, e5ea5eea,21:14 2026-05-31,IOC,21:14 2026-05-31,,,Price,,
BTCUSDT,0.001,0,0,72097.8,0.0,,Long,Market,Deactivated, 0ef3b0b0,21:14 2026-05-31,IOC,21:14 2026-05-31,,,Price,,
BTCUSDT,0.001,72909.2,73643.9,,0.001,"{""USDT"":""0.04050415""}",Short,Market,Filled, f99c8276,21:14 2026-05-31,IOC,21:14 2026-05-31,,,Price,,
ETHUSDT,0.01,0,0,2048.81,0.0,,Short,Market,Deactivated, 82b59c0b,21:13 2026-05-31,IOC,21:13 2026-05-31,,,Price,,
ETHUSDT,0.01,0,0,1990.61,0.0,,Short,Market,Deactivated, a283adc1,21:13 2026-05-31,IOC,21:13 2026-05-31,,,Price,,
ETHUSDT,0.01,2046.85,2006.53,,0.01,"{""USDT"":""0.01103592""}",Long,Market,Filled, dab7f981,21:13 2026-05-31,IOC,21:13 2026-05-31,,,Price,,
ETHUSDT,0.01,1964.47,2004.55,,0.01,"{""USDT"":""0.01102503""}",Short,Market,Filled, d43a59ca,21:10 2026-05-31,IOC,21:10 2026-05-31,,,Price,,
BTCUSDT,0.001,72947.9,73685.2,,0.001,"{""USDT"":""0.04052686""}",Short,Market,Filled, 47c7c120,21:07 2026-05-31,IOC,21:07 2026-05-31,,,Price,,
BTCUSDT,0.001,0,0,73138.4,0.0,,Short,Market,Deactivated, 2ac75b3f,20:56 2026-05-31,IOC,20:56 2026-05-31,,,Price,,
BTCUSDT,0.001,0,0,75276.5,0.0,,Short,Market,Deactivated, 51303a72,20:56 2026-05-31,IOC,20:56 2026-05-31,,,Price,,
BTCUSDT,0.001,74466.3,73729.1,,0.001,"{""USDT"":""0.04055101""}",Long,Market,Filled, d8623df8,20:56 2026-05-31,IOC,20:56 2026-05-31,,,Price,,
ETHUSDT,0.01,0,0,1987.6,0.0,,Short,Market,Deactivated, 1fac4809,20:51 2026-05-31,IOC,20:51 2026-05-31,,,Price,,
ETHUSDT,0.01,0,0,2045.7,0.0,,Short,Market,Deactivated, 50586862,20:51 2026-05-31,IOC,20:51 2026-05-31,,,Price,,
ETHUSDT,0.01,2043.77,2003.63,,0.01,"{""USDT"":""0.01101997""}",Long,Market,Filled, 1a4ecd0c,20:51 2026-05-31,IOC,20:51 2026-05-31,,,Price,,
ETHUSDT,0.01,2043.04,2003,,0.01,"{""USDT"":""0.0110165""}",Long,Market,Filled, 5c29be76,20:46 2026-05-31,IOC,20:46 2026-05-31,,,Price,,
ETHUSDT,0.01,0,0,2017.86,0.0,,Long,Market,Deactivated, 894481b2,20:43 2026-05-31,IOC,20:43 2026-05-31,,,Price,,
ETHUSDT,0.01,0,0,1959.81,0.0,,Long,Market,Deactivated, 3907a4e9,20:43 2026-05-31,IOC,20:43 2026-05-31,,,Price,,
ETHUSDT,0.01,1961.82,2001.74,,0.01,"{""USDT"":""0.01100957""}",Short,Market,Filled, 21f80dcf,20:43 2026-05-31,IOC,20:43 2026-05-31,,,Price,,
BTCUSDT,0.001,72912.4,73648.6,,0.001,"{""USDT"":""0.04050673""}",Short,Market,Filled, ed8b0088,20:24 2026-05-31,IOC,20:24 2026-05-31,,,Price,,
SOLUSDT,0.1,77.67,81.75,,0.1,"{""USDT"":""0.00449625""}",Short,Market,Filled, 5e103616,20:24 2026-05-31,IOC,20:24 2026-05-31,,,Price,,
BTCUSDT,0.001,0,0,73030.7,0.0,,Short,Market,Deactivated, 8d494c3c,20:07 2026-05-31,IOC,20:07 2026-05-31,,,Price,,
BTCUSDT,0.001,0,0,75165.7,0.0,,Short,Market,Deactivated, a21790b0,20:07 2026-05-31,IOC,20:07 2026-05-31,,,Price,,
BTCUSDT,0.001,74360.7,73619.7,,0.001,"{""USDT"":""0.04049084""}",Long,Market,Filled, b77c686e,20:07 2026-05-31,IOC,20:07 2026-05-31,,,Price,,
BTCUSDT,0.001,74341.1,73604.1,,0.001,"{""USDT"":""0.04048226""}",Long,Market,Filled, 7dbc7ac9,20:02 2026-05-31,IOC,20:02 2026-05-31,,,Price,,
SOLUSDT,0.1,0,0,81.07,0.0,,Short,Market,Deactivated, dab3336d,20:01 2026-05-31,IOC,20:01 2026-05-31,,,Price,,
SOLUSDT,0.1,0,0,83.44,0.0,,Short,Market,Deactivated, 43de762f,20:01 2026-05-31,IOC,20:01 2026-05-31,,,Price,,
SOLUSDT,0.1,85.81,81.73,,0.1,"{""USDT"":""0.00449515""}",Long,Market,Filled, dbefa993,20:01 2026-05-31,IOC,20:01 2026-05-31,,,Price,,
BTCUSDT,0.001,0,0,71977.0,0.0,,Long,Market,Deactivated, 88064a38,19:59 2026-05-31,IOC,19:59 2026-05-31,,,Price,,
BTCUSDT,0.001,0,0,74109.1,0.0,,Long,Market,Deactivated, 7fb5dfb9,19:59 2026-05-31,IOC,19:59 2026-05-31,,,Price,,
BTCUSDT,0.001,72786.8,73520.5,,0.001,"{""USDT"":""0.04043628""}",Short,Market,Filled, fc4171b1,19:59 2026-05-31,IOC,19:59 2026-05-31,,,Price,,
BTCUSDT,0.001,74234.4,73499.5,,0.001,"{""USDT"":""0.04042473""}",Long,Market,Filled, 8355a763,19:50 2026-05-31,IOC,19:50 2026-05-31,,,Price,,
BTCUSDT,0.001,0,0,74071.2,0.0,,Long,Market,Deactivated, 37042559,19:46 2026-05-31,IOC,19:46 2026-05-31,,,Price,,
BTCUSDT,0.001,0,0,71940.2,0.0,,Long,Market,Deactivated, 9f847953,19:46 2026-05-31,IOC,19:46 2026-05-31,,,Price,,
BTCUSDT,0.001,72749.3,73483.3,,0.001,"{""USDT"":""0.04041582""}",Short,Market,Filled, db8a91b8,19:46 2026-05-31,IOC,19:46 2026-05-31,,,Price,,
SOLUSDT,0.1,85.53,81.46,,0.1,"{""USDT"":""0.0044803""}",Long,Market,Filled, 6b77e3a1,19:39 2026-05-31,IOC,19:39 2026-05-31,,,Price,,
BTCUSDT,0.001,74205.6,73470.9,,0.001,"{""USDT"":""0.040409""}",Long,Market,Filled, 70364f5e,19:38 2026-05-31,IOC,19:38 2026-05-31,,,Price,,
BTCUSDT,0.001,0,0,74156.9,0.0,,Long,Market,Deactivated, 563967df,19:22 2026-05-31,IOC,19:22 2026-05-31,,,Price,,
BTCUSDT,0.001,0,0,72023.4,0.0,,Long,Market,Deactivated, 2ebcb957,19:22 2026-05-31,IOC,19:22 2026-05-31,,,Price,,
BTCUSDT,0.001,72835.2,73568.2,,0.001,"{""USDT"":""0.04046251""}",Short,Market,Filled, 6766d473,19:22 2026-05-31,IOC,19:22 2026-05-31,,,Price,,
BTCUSDT,0.001,74315.7,73578.1,,0.001,"{""USDT"":""0.04046796""}",Long,Market,Filled, 88dc19bb,19:17 2026-05-31,IOC,19:17 2026-05-31,,,Price,,
ETHUSDT,0.01,2039.26,1999.28,,0.01,"{""USDT"":""0.01099604""}",Long,Market,Filled, 0697541a,19:17 2026-05-31,IOC,19:17 2026-05-31,,,Price,,
BTCUSDT,0.001,0,0,74136.5,0.0,,Long,Market,Deactivated, d06c6b7e,19:14 2026-05-31,IOC,19:14 2026-05-31,,,Price,,
BTCUSDT,0.001,0,0,72003.6,0.0,,Long,Market,Deactivated, 22d827a7,19:14 2026-05-31,IOC,19:14 2026-05-31,,,Price,,
BTCUSDT,0.001,72813.3,73548,,0.001,"{""USDT"":""0.0404514""}",Short,Market,Filled, cd163d5a,19:14 2026-05-31,IOC,19:14 2026-05-31,,,Price,,
ETHUSDT,0.01,0,0,1957.78,0.0,,Long,Market,Deactivated, 80c650ae,19:04 2026-05-31,IOC,19:04 2026-05-31,,,Price,,
ETHUSDT,0.01,0,0,2015.77,0.0,,Long,Market,Deactivated, 4c7b46ec,19:04 2026-05-31,IOC,19:04 2026-05-31,,,Price,,
ETHUSDT,0.01,1959.76,1999.76,,0.01,"{""USDT"":""0.01099868""}",Short,Market,Filled, 4c621784,19:04 2026-05-31,IOC,19:04 2026-05-31,,,Price,,
SOLUSDT,0.1,0,0,82.32,0.0,,Long,Market,Deactivated, 632b6b50,19:04 2026-05-31,IOC,19:04 2026-05-31,,,Price,,
SOLUSDT,0.1,0,0,79.95,0.0,,Long,Market,Deactivated, 66ac3041,19:04 2026-05-31,IOC,19:04 2026-05-31,,,Price,,
SOLUSDT,0.1,77.58,81.66,,0.1,"{""USDT"":""0.0044913""}",Short,Market,Filled, c0b7c09c,19:04 2026-05-31,IOC,19:04 2026-05-31,,,Price,,
SOLUSDT,0.1,85.78,81.7,,0.1,"{""USDT"":""0.0044935""}",Long,Market,Filled, a52cd3b7,19:04 2026-05-31,IOC,19:04 2026-05-31,,,Price,,
SOLUSDT,0.1,0,0,82.35,0.0,,Long,Market,Deactivated, e67d5b9e,19:00 2026-05-31,IOC,19:00 2026-05-31,,,Price,,
SOLUSDT,0.1,0,0,79.98,0.0,,Long,Market,Deactivated, 16e12313,19:00 2026-05-31,IOC,19:00 2026-05-31,,,Price,,
SOLUSDT,0.1,77.62,81.69,,0.1,"{""USDT"":""0.00449295""}",Short,Market,Filled, ad919a45,19:00 2026-05-31,IOC,19:00 2026-05-31,,,Price,,
BTCUSDT,0.001,74336,73600,,0.001,"{""USDT"":""0.04048""}",Long,Market,Filled, 07c5d73e,18:58 2026-05-31,IOC,18:58 2026-05-31,,,Price,,
ETHUSDT,0.01,2039.91,1999.92,,0.01,"{""USDT"":""0.01099956""}",Long,Market,Filled, 9bc5a6e9,18:58 2026-05-31,IOC,18:58 2026-05-31,,,Price,,
BTCUSDT,0.001,0,0,74177.5,0.0,,Long,Market,Deactivated, 9e6ad517,18:45 2026-05-31,IOC,18:45 2026-05-31,,,Price,,
BTCUSDT,0.001,0,0,72043.4,0.0,,Long,Market,Deactivated, 9a90b3fb,18:45 2026-05-31,IOC,18:45 2026-05-31,,,Price,,
BTCUSDT,0.001,72852.1,73588.7,,0.001,"{""USDT"":""0.04047379""}",Short,Market,Filled, 14ec031c,18:45 2026-05-31,IOC,18:45 2026-05-31,,,Price,,
ETHUSDT,0.01,0,0,1957.88,0.0,,Long,Market,Deactivated, 4737b049,18:42 2026-05-31,IOC,18:42 2026-05-31,,,Price,,
ETHUSDT,0.01,0,0,2015.87,0.0,,Long,Market,Deactivated, 50ef3ebb,18:42 2026-05-31,IOC,18:42 2026-05-31,,,Price,,
ETHUSDT,0.01,1959.93,1999.87,,0.01,"{""USDT"":""0.01099929""}",Short,Market,Filled, 8624eeac,18:42 2026-05-31,IOC,18:42 2026-05-31,,,Price,,
ETHUSDT,0.01,2042.24,2002.2,,0.01,"{""USDT"":""0.0110121""}",Long,Market,Filled, 72c44db5,18:41 2026-05-31,IOC,18:41 2026-05-31,,,Price,,
BTCUSDT,0.001,74367.1,73630.8,,0.001,"{""USDT"":""0.04049694""}",Long,Market,Filled, 52ea7ed7,18:37 2026-05-31,IOC,18:37 2026-05-31,,,Price,,
BTCUSDT,0.001,0,0,72075.8,0.0,,Long,Market,Deactivated, cc301b33,18:34 2026-05-31,IOC,18:34 2026-05-31,,,Price,,
BTCUSDT,0.001,0,0,74210.8,0.0,,Long,Market,Deactivated, 6dc4d281,18:34 2026-05-31,IOC,18:34 2026-05-31,,,Price,,
BTCUSDT,0.001,72883.2,73616,,0.001,"{""USDT"":""0.0404888""}",Short,Market,Filled, fc33884f,18:34 2026-05-31,IOC,18:34 2026-05-31,,,Price,,
ETHUSDT,0.01,0,0,1960.52,0.0,,Long,Market,Deactivated, f366c8f7,18:34 2026-05-31,IOC,18:34 2026-05-31,,,Price,,
ETHUSDT,0.01,0,0,2018.6,0.0,,Long,Market,Deactivated, 737cd97a,18:34 2026-05-31,IOC,18:34 2026-05-31,,,Price,,
ETHUSDT,0.01,1962.55,2002.56,,0.01,"{""USDT"":""0.01101408""}",Short,Market,Filled, f5c7b211,18:34 2026-05-31,IOC,18:34 2026-05-31,,,Price,,
SOLUSDT,0.1,85.78,81.7,,0.1,"{""USDT"":""0.0044935""}",Long,Market,Filled, 63650c70,18:26 2026-05-31,IOC,18:26 2026-05-31,,,Price,,
ETHUSDT,0.01,2041.84,2001.82,,0.01,"{""USDT"":""0.01101001""}",Long,Market,Filled, d01eeab2,18:25 2026-05-31,IOC,18:25 2026-05-31,,,Price,,
BTCUSDT,0.001,74342.2,73600.6,,0.001,"{""USDT"":""0.04048033""}",Long,Market,Filled, b2a514fc,18:20 2026-05-31,IOC,18:20 2026-05-31,,,Price,,
BTCUSDT,0.001,0,0,72068.6,0.0,,Long,Market,Deactivated, 9b4c1176,18:02 2026-05-31,IOC,18:02 2026-05-31,,,Price,,
BTCUSDT,0.001,0,0,74203.5,0.0,,Long,Market,Deactivated, 64f3728e,18:02 2026-05-31,IOC,18:02 2026-05-31,,,Price,,
BTCUSDT,0.001,72862,73614.3,,0.001,"{""USDT"":""0.04048787""}",Short,Market,Filled, 26175c01,18:02 2026-05-31,IOC,18:02 2026-05-31,,,Price,,
SOLUSDT,0.1,0,0,82.35,0.0,,Long,Market,Deactivated, 499dd924,18:01 2026-05-31,IOC,18:01 2026-05-31,,,Price,,
SOLUSDT,0.1,0,0,79.98,0.0,,Long,Market,Deactivated, 4fc0321b,18:01 2026-05-31,IOC,18:01 2026-05-31,,,Price,,
SOLUSDT,0.1,77.61,81.69,,0.1,"{""USDT"":""0.00449295""}",Short,Market,Filled, fbce4234,18:01 2026-05-31,IOC,18:01 2026-05-31,,,Price,,
ETHUSDT,0.01,0,0,1960.51,0.0,,Long,Market,Deactivated, a5ab366d,18:01 2026-05-31,IOC,18:01 2026-05-31,,,Price,,
ETHUSDT,0.01,0,0,2018.59,0.0,,Long,Market,Deactivated, 9b6726f0,18:01 2026-05-31,IOC,18:01 2026-05-31,,,Price,,
ETHUSDT,0.01,1962.44,2002.56,,0.01,"{""USDT"":""0.01101408""}",Short,Market,Filled, 4e971c9b,18:01 2026-05-31,IOC,18:01 2026-05-31,,,Price,,
SOLUSDT,0.1,77.72,81.8,,0.1,"{""USDT"":""0.004499""}",Short,Market,Filled, 44e35cdb,17:50 2026-05-31,IOC,17:50 2026-05-31,,,Price,,
BTCUSDT,0.001,72921.9,73658.5,,0.001,"{""USDT"":""0.04051218""}",Short,Market,Filled, 79158ab2,17:50 2026-05-31,IOC,17:50 2026-05-31,,,Price,,
SOLUSDT,0.1,0,0,83.5,0.0,,Short,Market,Deactivated, 5a1e914c,17:32 2026-05-31,IOC,17:32 2026-05-31,,,Price,,
SOLUSDT,0.1,0,0,81.13,0.0,,Short,Market,Deactivated, c42cb3f5,17:32 2026-05-31,IOC,17:32 2026-05-31,,,Price,,
SOLUSDT,0.1,85.87,81.79,,0.1,"{""USDT"":""0.00449845""}",Long,Market,Filled, 42b7fdf3,17:32 2026-05-31,IOC,17:32 2026-05-31,,,Price,,
BTCUSDT,0.001,0,0,75096.3,0.0,,Short,Market,Deactivated, fac3b378,17:28 2026-05-31,IOC,17:28 2026-05-31,,,Price,,
BTCUSDT,0.001,0,0,72963.3,0.0,,Short,Market,Deactivated, 860f120e,17:28 2026-05-31,IOC,17:28 2026-05-31,,,Price,,
BTCUSDT,0.001,74287.3,73551.8,,0.001,"{""USDT"":""0.04045349""}",Long,Market,Filled, 656a51b3,17:28 2026-05-31,IOC,17:28 2026-05-31,,,Price,,
ETHUSDT,0.01,2040.14,2000.24,,0.01,"{""USDT"":""0.01100132""}",Long,Market,Filled, 8f9c01a9,17:15 2026-05-31,IOC,17:15 2026-05-31,,,Price,,
BTCUSDT,0.001,74226.7,73491.9,,0.001,"{""USDT"":""0.04042055""}",Long,Market,Filled, 6a840144,17:15 2026-05-31,IOC,17:15 2026-05-31,,,Price,,
BTCUSDT,0.001,0,0,71917.5,0.0,,Long,Market,Deactivated, 6745e531,17:04 2026-05-31,IOC,17:04 2026-05-31,,,Price,,
BTCUSDT,0.001,0,0,74047.8,0.0,,Long,Market,Deactivated, 22c28c46,17:04 2026-05-31,IOC,17:04 2026-05-31,,,Price,,
BTCUSDT,0.001,72723.4,73460.1,,0.001,"{""USDT"":""0.04040306""}",Short,Market,Filled, 6986f0f9,17:04 2026-05-31,IOC,17:04 2026-05-31,,,Price,,
ETHUSDT,0.01,0,0,1959.77,0.0,,Long,Market,Deactivated, 03bcc63a,17:03 2026-05-31,IOC,17:03 2026-05-31,,,Price,,
ETHUSDT,0.01,0,0,2017.82,0.0,,Long,Market,Deactivated, 5237133e,17:03 2026-05-31,IOC,17:03 2026-05-31,,,Price,,
ETHUSDT,0.01,1961.86,2001.8,,0.01,"{""USDT"":""0.0110099""}",Short,Market,Filled, b34b6992,17:03 2026-05-31,IOC,17:03 2026-05-31,,,Price,,
SOLUSDT,0.1,85.62,81.55,,0.1,"{""USDT"":""0.00448525""}",Long,Market,Filled, 80c93b79,16:55 2026-05-31,IOC,16:55 2026-05-31,,,Price,,
BTCUSDT,0.001,74229,73494.1,,0.001,"{""USDT"":""0.04042176""}",Long,Market,Filled, 55e4f3c4,16:54 2026-05-31,IOC,16:54 2026-05-31,,,Price,,
ETHUSDT,0.01,2040.94,2000.93,,0.01,"{""USDT"":""0.01100512""}",Long,Market,Filled, 03934d3b,16:51 2026-05-31,IOC,16:51 2026-05-31,,,Price,,
ETHUSDT,0.01,0,0,2015.25,0.0,,Long,Market,Deactivated, 6668ad59,16:46 2026-05-31,IOC,16:46 2026-05-31,,,Price,,
ETHUSDT,0.01,0,0,1957.27,0.0,,Long,Market,Deactivated, 64589de6,16:46 2026-05-31,IOC,16:46 2026-05-31,,,Price,,
ETHUSDT,0.01,1959.26,1999.25,,0.01,"{""USDT"":""0.01099588""}",Short,Market,Filled, b9663628,16:46 2026-05-31,IOC,16:46 2026-05-31,,,Price,,
BTCUSDT,0.001,0,0,74032.8,0.0,,Long,Market,Deactivated, c7653f76,16:45 2026-05-31,IOC,16:45 2026-05-31,,,Price,,
BTCUSDT,0.001,0,0,71902.9,0.0,,Long,Market,Deactivated, 5a93beff,16:45 2026-05-31,IOC,16:45 2026-05-31,,,Price,,
BTCUSDT,0.001,72709.9,73445.2,,0.001,"{""USDT"":""0.04039486""}",Short,Market,Filled, 1a8fb62b,16:45 2026-05-31,IOC,16:45 2026-05-31,,,Price,,
ETHUSDT,0.01,2039.41,1999.4,,0.01,"{""USDT"":""0.0109967""}",Long,Market,Filled, 9ea3f627,16:45 2026-05-31,IOC,16:45 2026-05-31,,,Price,,
BTCUSDT,0.001,74200.9,73445.6,,0.001,"{""USDT"":""0.04039508""}",Long,Market,Filled, c34663f9,16:45 2026-05-31,IOC,16:45 2026-05-31,,,Price,,
ETHUSDT,0.01,0,0,2020.42,0.0,,Long,Market,Deactivated, 0ba51295,16:31 2026-05-31,IOC,16:31 2026-05-31,,,Price,,
ETHUSDT,0.01,0,0,1962.29,0.0,,Long,Market,Deactivated, cf2fa02c,16:31 2026-05-31,IOC,16:31 2026-05-31,,,Price,,
ETHUSDT,0.01,1964.23,2004.21,,0.01,"{""USDT"":""0.01102316""}",Short,Market,Filled, 42a65b28,16:31 2026-05-31,IOC,16:31 2026-05-31,,,Price,,
ETHUSDT,0.01,2046.15,2006.04,,0.01,"{""USDT"":""0.01103322""}",Long,Market,Filled, 07343221,16:28 2026-05-31,IOC,16:28 2026-05-31,,,Price,,
BTCUSDT,0.001,0,0,74168.4,0.0,,Long,Market,Deactivated, 6f6ea687,16:14 2026-05-31,IOC,16:14 2026-05-31,,,Price,,
BTCUSDT,0.001,0,0,72034.6,0.0,,Long,Market,Deactivated, d80be3f1,16:14 2026-05-31,IOC,16:14 2026-05-31,,,Price,,
BTCUSDT,0.001,72843.8,73579.7,,0.001,"{""USDT"":""0.04046884""}",Short,Market,Filled, 95f14556,16:14 2026-05-31,IOC,16:14 2026-05-31,,,Price,,
SOLUSDT,0.1,0,0,79.99,0.0,,Long,Market,Deactivated, 780e7892,16:14 2026-05-31,IOC,16:14 2026-05-31,,,Price,,
SOLUSDT,0.1,0,0,82.36,0.0,,Long,Market,Deactivated, 2a691047,16:14 2026-05-31,IOC,16:14 2026-05-31,,,Price,,
SOLUSDT,0.1,77.63,81.7,,0.1,"{""USDT"":""0.0044935""}",Short,Market,Filled, 9fe7aee6,16:14 2026-05-31,IOC,16:14 2026-05-31,,,Price,,
ETHUSDT,0.01,0,0,1966.97,0.0,,Long,Market,Deactivated, 7a64aaa4,16:09 2026-05-31,IOC,16:09 2026-05-31,,,Price,,
ETHUSDT,0.01,0,0,2025.24,0.0,,Long,Market,Deactivated, 52165429,16:09 2026-05-31,IOC,16:09 2026-05-31,,,Price,,
ETHUSDT,0.01,1968.98,2009.02,,0.01,"{""USDT"":""0.01104961""}",Short,Market,Filled, 540ef85d,16:09 2026-05-31,IOC,16:09 2026-05-31,,,Price,,
BTCUSDT,0.001,74392.9,73655.4,,0.001,"{""USDT"":""0.04051047""}",Long,Market,Filled, 0bf466ff,16:04 2026-05-31,IOC,16:04 2026-05-31,,,Price,,
ETHUSDT,0.01,2050.28,2010.09,,0.01,"{""USDT"":""0.0110555""}",Long,Market,Filled, 0cac76cc,16:03 2026-05-31,IOC,16:03 2026-05-31,,,Price,,
SOLUSDT,0.1,86.04,81.94,,0.1,"{""USDT"":""0.0045067""}",Long,Market,Filled, 0f24f79f,16:02 2026-05-31,IOC,16:02 2026-05-31,,,Price,,
BTCUSDT,0.001,0,0,72058.5,0.0,,Long,Market,Deactivated, 71ba395f,16:01 2026-05-31,IOC,16:01 2026-05-31,,,Price,,
BTCUSDT,0.001,0,0,74193.0,0.0,,Long,Market,Deactivated, a77c3edc,16:01 2026-05-31,IOC,16:01 2026-05-31,,,Price,,
BTCUSDT,0.001,72871.7,73604,,0.001,"{""USDT"":""0.0404822""}",Short,Market,Filled, 5cd49205,16:01 2026-05-31,IOC,16:01 2026-05-31,,,Price,,
ETHUSDT,0.01,0,0,2025.59,0.0,,Long,Market,Deactivated, 824dfbc4,16:00 2026-05-31,IOC,16:00 2026-05-31,,,Price,,
ETHUSDT,0.01,0,0,1967.32,0.0,,Long,Market,Deactivated, 0b6c75dd,16:00 2026-05-31,IOC,16:00 2026-05-31,,,Price,,
ETHUSDT,0.01,1969.27,2009.51,,0.01,"{""USDT"":""0.01105231""}",Short,Market,Filled, ec5f23d5,16:00 2026-05-31,IOC,16:00 2026-05-31,,,Price,,
SOLUSDT,0.1,0,0,82.54,0.0,,Long,Market,Deactivated, d349a7e0,15:57 2026-05-31,IOC,15:57 2026-05-31,,,Price,,
SOLUSDT,0.1,0,0,80.17,0.0,,Long,Market,Deactivated, b8718a7f,15:57 2026-05-31,IOC,15:57 2026-05-31,,,Price,,
SOLUSDT,0.1,77.79,81.88,,0.1,"{""USDT"":""0.0045034""}",Short,Market,Filled, 208d107b,15:57 2026-05-31,IOC,15:57 2026-05-31,,,Price,,
SOLUSDT,0.1,86.07,81.98,,0.1,"{""USDT"":""0.0045089""}",Long,Market,Filled, 561836a1,15:57 2026-05-31,IOC,15:57 2026-05-31,,,Price,,
BTCUSDT,0.001,74356.9,73620.7,,0.001,"{""USDT"":""0.04049139""}",Long,Market,Filled, 01a214b4,15:57 2026-05-31,IOC,15:57 2026-05-31,,,Price,,
SOLUSDT,0.1,0,0,80.28,0.0,,Long,Market,Deactivated, c1fedb56,15:43 2026-05-31,IOC,15:43 2026-05-31,,,Price,,
SOLUSDT,0.1,0,0,82.66,0.0,,Long,Market,Deactivated, 3190455a,15:43 2026-05-31,IOC,15:43 2026-05-31,,,Price,,
SOLUSDT,0.1,77.9,82,,0.1,"{""USDT"":""0.00451""}",Short,Market,Filled, 4f3e5a09,15:43 2026-05-31,IOC,15:43 2026-05-31,,,Price,,
BTCUSDT,0.001,0,0,74236.5,0.0,,Long,Market,Deactivated, e4c44381,15:41 2026-05-31,IOC,15:41 2026-05-31,,,Price,,
BTCUSDT,0.001,0,0,72100.8,0.0,,Long,Market,Deactivated, 7eb18ec0,15:41 2026-05-31,IOC,15:41 2026-05-31,,,Price,,
BTCUSDT,0.001,72905.2,73644.2,,0.001,"{""USDT"":""0.04050431""}",Short,Market,Filled, d3a7bf60,15:41 2026-05-31,IOC,15:41 2026-05-31,,,Price,,
SOLUSDT,0.1,86.17,82.1,,0.1,"{""USDT"":""0.0045155""}",Long,Market,Filled, 9126e62a,14:35 2026-05-31,IOC,14:35 2026-05-31,,,Price,,
ETHUSDT,0.01,2052.41,2012.17,,0.01,"{""USDT"":""0.01106694""}",Long,Market,Filled, 7d811187,14:35 2026-05-31,IOC,14:35 2026-05-31,,,Price,,
BTCUSDT,0.001,74433.3,73696.2,,0.001,"{""USDT"":""0.04053291""}",Long,Market,Filled, a0f400ef,14:35 2026-05-31,IOC,14:35 2026-05-31,,,Price,,
SOLUSDT,0.1,0,0,81.05,0.0,,Long,Market,Deactivated, 51073c3d,13:43 2026-05-31,IOC,13:43 2026-05-31,,,Price,,
SOLUSDT,0.1,0,0,83.45,0.0,,Long,Market,Deactivated, 54cddfac,13:43 2026-05-31,IOC,13:43 2026-05-31,,,Price,,
SOLUSDT,0.1,78.65,82.78,,0.1,"{""USDT"":""0.0045529""}",Short,Market,Filled, f1b37564,13:43 2026-05-31,IOC,13:43 2026-05-31,,,Price,,
ETHUSDT,0.01,0,0,1978.89,0.0,,Long,Market,Deactivated, 1dac1ba0,13:43 2026-05-31,IOC,13:43 2026-05-31,,,Price,,
ETHUSDT,0.01,0,0,2037.51,0.0,,Long,Market,Deactivated, 4abe5ff1,13:43 2026-05-31,IOC,13:43 2026-05-31,,,Price,,
ETHUSDT,0.01,1980.75,2021.33,,0.01,"{""USDT"":""0.01111732""}",Short,Market,Filled, 9df0412c,13:43 2026-05-31,IOC,13:43 2026-05-31,,,Price,,
BTCUSDT,0.001,0,0,74440.8,0.0,,Long,Market,Deactivated, 8e11c016,13:42 2026-05-31,IOC,13:42 2026-05-31,,,Price,,
BTCUSDT,0.001,0,0,72299.2,0.0,,Long,Market,Deactivated, a2108554,13:42 2026-05-31,IOC,13:42 2026-05-31,,,Price,,
BTCUSDT,0.001,73113.1,73850,,0.001,"{""USDT"":""0.0406175""}",Short,Market,Filled, c0881794,13:42 2026-05-31,IOC,13:42 2026-05-31,,,Price,,
SOLUSDT,0.1,87.02,82.88,,0.1,"{""USDT"":""0.0045584""}",Long,Market,Filled, 62045eaa,13:10 2026-05-31,IOC,13:10 2026-05-31,,,Price,,
SOLUSDT,0.1,0,0,83.41,0.0,,Long,Market,Deactivated, 68f32281,12:54 2026-05-31,IOC,12:54 2026-05-31,,,Price,,
SOLUSDT,0.1,0,0,81.01,0.0,,Long,Market,Deactivated, 3770822e,12:54 2026-05-31,IOC,12:54 2026-05-31,,,Price,,
SOLUSDT,0.1,78.61,82.74,,0.1,"{""USDT"":""0.0045507""}",Short,Market,Filled, 636063a9,12:54 2026-05-31,IOC,12:54 2026-05-31,,,Price,,
